[2024-07-10 01:01:34,245] INFO Registered kafka:type=kafka.Log4jController MBean (kafka.utils.Log4jControllerRegistration$)
[2024-07-10 01:01:34,442] INFO Setting -D jdk.tls.rejectClientInitiatedRenegotiation=true to disable client-initiated TLS renegotiation (org.apache.zookeeper.common.X509Util)
[2024-07-10 01:01:34,535] INFO [ControllerServer id=1] Starting controller (kafka.server.ControllerServer)
[2024-07-10 01:01:34,787] INFO Updated connection-accept-rate max connection creation rate to 2147483647 (kafka.network.ConnectionQuotas)
[2024-07-10 01:01:34,838] INFO [SocketServer listenerType=CONTROLLER, nodeId=1] Created data-plane acceptor and processors for endpoint : ListenerName(CONTROLLER) (kafka.network.SocketServer)
[2024-07-10 01:01:34,852] INFO CONTROLLER: resolved wildcard host to host.docker.internal (org.apache.kafka.metadata.ListenerInfo)
[2024-07-10 01:01:34,856] INFO authorizerStart completed for endpoint CONTROLLER. Endpoint is now READY. (org.apache.kafka.server.network.EndpointReadyFutures)
[2024-07-10 01:01:34,856] INFO [SharedServer id=1] Starting SharedServer (kafka.server.SharedServer)
[2024-07-10 01:01:34,912] INFO [LogLoader partition=__cluster_metadata-0, dir=C:\tmp\kraft-combined-logs] Recovering unflushed segment 0. 0/2 recovered for __cluster_metadata-0. (kafka.log.LogLoader)
[2024-07-10 01:01:34,914] INFO [LogLoader partition=__cluster_metadata-0, dir=C:\tmp\kraft-combined-logs] Loading producer state till offset 0 with message format version 2 (kafka.log.UnifiedLog$)
[2024-07-10 01:01:34,914] INFO [LogLoader partition=__cluster_metadata-0, dir=C:\tmp\kraft-combined-logs] Reloading from producer snapshot and rebuilding producer state from offset 0 (kafka.log.UnifiedLog$)
[2024-07-10 01:01:34,915] INFO Deleted producer state snapshot C:\tmp\kraft-combined-logs\__cluster_metadata-0\00000000000000012025.snapshot (org.apache.kafka.storage.internals.log.SnapshotFile)
[2024-07-10 01:01:34,915] INFO Deleted producer state snapshot C:\tmp\kraft-combined-logs\__cluster_metadata-0\00000000000000032622.snapshot (org.apache.kafka.storage.internals.log.SnapshotFile)
[2024-07-10 01:01:34,915] INFO [LogLoader partition=__cluster_metadata-0, dir=C:\tmp\kraft-combined-logs] Producer state recovery took 0ms for snapshot load and 0ms for segment recovery from offset 0 (kafka.log.UnifiedLog$)
[2024-07-10 01:01:35,047] INFO [ProducerStateManager partition=__cluster_metadata-0] Wrote producer snapshot at offset 12025 with 0 producer ids in 13 ms. (org.apache.kafka.storage.internals.log.ProducerStateManager)
[2024-07-10 01:01:35,048] INFO [LogLoader partition=__cluster_metadata-0, dir=C:\tmp\kraft-combined-logs] Recovering unflushed segment 12025. 1/2 recovered for __cluster_metadata-0. (kafka.log.LogLoader)
[2024-07-10 01:01:35,049] INFO [LogLoader partition=__cluster_metadata-0, dir=C:\tmp\kraft-combined-logs] Loading producer state till offset 12025 with message format version 2 (kafka.log.UnifiedLog$)
[2024-07-10 01:01:35,049] INFO [LogLoader partition=__cluster_metadata-0, dir=C:\tmp\kraft-combined-logs] Reloading from producer snapshot and rebuilding producer state from offset 12025 (kafka.log.UnifiedLog$)
[2024-07-10 01:01:35,049] INFO [ProducerStateManager partition=__cluster_metadata-0] Loading producer state from snapshot file 'SnapshotFile(offset=12025, file=C:\tmp\kraft-combined-logs\__cluster_metadata-0\00000000000000012025.snapshot)' (org.apache.kafka.storage.internals.log.ProducerStateManager)
[2024-07-10 01:01:35,053] INFO [LogLoader partition=__cluster_metadata-0, dir=C:\tmp\kraft-combined-logs] Producer state recovery took 4ms for snapshot load and 0ms for segment recovery from offset 12025 (kafka.log.UnifiedLog$)
[2024-07-10 01:01:35,178] INFO [ProducerStateManager partition=__cluster_metadata-0] Wrote producer snapshot at offset 32790 with 0 producer ids in 12 ms. (org.apache.kafka.storage.internals.log.ProducerStateManager)
[2024-07-10 01:01:35,186] INFO [LogLoader partition=__cluster_metadata-0, dir=C:\tmp\kraft-combined-logs] Loading producer state till offset 32790 with message format version 2 (kafka.log.UnifiedLog$)
[2024-07-10 01:01:35,187] INFO [LogLoader partition=__cluster_metadata-0, dir=C:\tmp\kraft-combined-logs] Reloading from producer snapshot and rebuilding producer state from offset 32790 (kafka.log.UnifiedLog$)
[2024-07-10 01:01:35,187] INFO [ProducerStateManager partition=__cluster_metadata-0] Loading producer state from snapshot file 'SnapshotFile(offset=32790, file=C:\tmp\kraft-combined-logs\__cluster_metadata-0\00000000000000032790.snapshot)' (org.apache.kafka.storage.internals.log.ProducerStateManager)
[2024-07-10 01:01:35,188] INFO [LogLoader partition=__cluster_metadata-0, dir=C:\tmp\kraft-combined-logs] Producer state recovery took 1ms for snapshot load and 0ms for segment recovery from offset 32790 (kafka.log.UnifiedLog$)
[2024-07-10 01:01:35,210] INFO Initialized snapshots with IDs SortedSet(OffsetAndEpoch(offset=10286, epoch=2), OffsetAndEpoch(offset=19183, epoch=3)) from C:\tmp\kraft-combined-logs\__cluster_metadata-0 (kafka.raft.KafkaMetadataLog$)
[2024-07-10 01:01:35,223] INFO [raft-expiration-reaper]: Starting (kafka.raft.TimingWheelExpirationService$ExpiredOperationReaper)
[2024-07-10 01:01:35,345] INFO [RaftManager id=1] Completed transition to ResignedState(localId=1, epoch=7, voters=[1], electionTimeoutMs=1581, unackedVoters=[], preferredSuccessors=[]) from null (org.apache.kafka.raft.QuorumState)
[2024-07-10 01:01:35,350] INFO [RaftManager id=1] Completed transition to CandidateState(localId=1, epoch=8, retries=1, voteStates={1=GRANTED}, highWatermark=Optional.empty, electionTimeoutMs=1631) from ResignedState(localId=1, epoch=7, voters=[1], electionTimeoutMs=1581, unackedVoters=[], preferredSuccessors=[]) (org.apache.kafka.raft.QuorumState)
[2024-07-10 01:01:35,355] INFO [RaftManager id=1] Completed transition to Leader(localId=1, epoch=8, epochStartOffset=32790, highWatermark=Optional.empty, voterStates={1=ReplicaState(nodeId=1, endOffset=Optional.empty, lastFetchTimestamp=-1, lastCaughtUpTimestamp=-1, hasAcknowledgedLeader=true)}) from CandidateState(localId=1, epoch=8, retries=1, voteStates={1=GRANTED}, highWatermark=Optional.empty, electionTimeoutMs=1631) (org.apache.kafka.raft.QuorumState)
[2024-07-10 01:01:35,369] INFO [kafka-1-raft-outbound-request-thread]: Starting (org.apache.kafka.raft.KafkaNetworkChannel$SendThread)
[2024-07-10 01:01:35,369] INFO [kafka-1-raft-io-thread]: Starting (kafka.raft.KafkaRaftManager$RaftIoThread)
[2024-07-10 01:01:35,379] INFO [MetadataLoader id=1] initializeNewPublishers: the loader is still catching up because we still don't know the high water mark yet. (org.apache.kafka.image.loader.MetadataLoader)
[2024-07-10 01:01:35,382] INFO [RaftManager id=1] High watermark set to LogOffsetMetadata(offset=32791, metadata=Optional[(segmentBaseOffset=12025,relativePositionInSegment=1465591)]) for the first time for epoch 8 based on indexOfHw 0 and voters [ReplicaState(nodeId=1, endOffset=Optional[LogOffsetMetadata(offset=32791, metadata=Optional[(segmentBaseOffset=12025,relativePositionInSegment=1465591)])], lastFetchTimestamp=-1, lastCaughtUpTimestamp=-1, hasAcknowledgedLeader=true)] (org.apache.kafka.raft.LeaderState)
[2024-07-10 01:01:35,382] INFO [ControllerServer id=1] Waiting for controller quorum voters future (kafka.server.ControllerServer)
[2024-07-10 01:01:35,382] INFO [ControllerServer id=1] Finished waiting for controller quorum voters future (kafka.server.ControllerServer)
[2024-07-10 01:01:35,390] INFO [RaftManager id=1] Registered the listener org.apache.kafka.image.loader.MetadataLoader@693028976 (org.apache.kafka.raft.KafkaRaftClient)
[2024-07-10 01:01:35,394] INFO [MetadataLoader id=1] handleLoadSnapshot(00000000000000019183-0000000003): incrementing HandleLoadSnapshotCount to 1. (org.apache.kafka.image.loader.MetadataLoader)
[2024-07-10 01:01:35,413] INFO [RaftManager id=1] Registered the listener org.apache.kafka.controller.QuorumController$QuorumMetaLogListener@523201967 (org.apache.kafka.raft.KafkaRaftClient)
[2024-07-10 01:01:35,420] INFO [MetadataLoader id=1] handleLoadSnapshot(00000000000000019183-0000000003): generated a metadata delta between offset -1 and this snapshot in 26580 us. (org.apache.kafka.image.loader.MetadataLoader)
[2024-07-10 01:01:35,421] INFO [MetadataLoader id=1] maybePublishMetadata(SNAPSHOT): The loader is still catching up because we have loaded up to offset 19182, but the high water mark is 32791 (org.apache.kafka.image.loader.MetadataLoader)
[2024-07-10 01:01:35,421] INFO [controller-1-ThrottledChannelReaper-Fetch]: Starting (kafka.server.ClientQuotaManager$ThrottledChannelReaper)
[2024-07-10 01:01:35,422] INFO [controller-1-ThrottledChannelReaper-Produce]: Starting (kafka.server.ClientQuotaManager$ThrottledChannelReaper)
[2024-07-10 01:01:35,423] INFO [controller-1-ThrottledChannelReaper-Request]: Starting (kafka.server.ClientQuotaManager$ThrottledChannelReaper)
[2024-07-10 01:01:35,425] INFO [controller-1-ThrottledChannelReaper-ControllerMutation]: Starting (kafka.server.ClientQuotaManager$ThrottledChannelReaper)
[2024-07-10 01:01:35,451] INFO [ExpirationReaper-1-AlterAcls]: Starting (kafka.server.DelayedOperationPurgatory$ExpiredOperationReaper)
[2024-07-10 01:01:35,471] INFO [ControllerServer id=1] Waiting for the controller metadata publishers to be installed (kafka.server.ControllerServer)
[2024-07-10 01:01:35,540] INFO [MetadataLoader id=1] maybePublishMetadata(LOG_DELTA): The loader finished catching up to the current high water mark of 32791 (org.apache.kafka.image.loader.MetadataLoader)
[2024-07-10 01:01:35,544] INFO [MetadataLoader id=1] InitializeNewPublishers: initializing SnapshotGenerator with a snapshot at offset 32790 (org.apache.kafka.image.loader.MetadataLoader)
[2024-07-10 01:01:35,545] INFO [ControllerServer id=1] Finished waiting for the controller metadata publishers to be installed (kafka.server.ControllerServer)
[2024-07-10 01:01:35,546] INFO [SocketServer listenerType=CONTROLLER, nodeId=1] Enabling request processing. (kafka.network.SocketServer)
[2024-07-10 01:01:35,546] INFO [MetadataLoader id=1] InitializeNewPublishers: initializing KRaftMetadataCachePublisher with a snapshot at offset 32790 (org.apache.kafka.image.loader.MetadataLoader)
[2024-07-10 01:01:35,546] INFO [MetadataLoader id=1] InitializeNewPublishers: initializing FeaturesPublisher with a snapshot at offset 32790 (org.apache.kafka.image.loader.MetadataLoader)
[2024-07-10 01:01:35,546] INFO [ControllerServer id=1] Loaded new metadata Features(version=3.7-IV4, finalizedFeatures={metadata.version=19}, finalizedFeaturesEpoch=32790). (org.apache.kafka.metadata.publisher.FeaturesPublisher)
[2024-07-10 01:01:35,547] INFO [MetadataLoader id=1] InitializeNewPublishers: initializing ControllerRegistrationsPublisher with a snapshot at offset 32790 (org.apache.kafka.image.loader.MetadataLoader)
[2024-07-10 01:01:35,547] INFO [MetadataLoader id=1] InitializeNewPublishers: initializing ControllerRegistrationManager with a snapshot at offset 32790 (org.apache.kafka.image.loader.MetadataLoader)
[2024-07-10 01:01:35,548] INFO [MetadataLoader id=1] InitializeNewPublishers: initializing DynamicConfigPublisher controller id=1 with a snapshot at offset 32790 (org.apache.kafka.image.loader.MetadataLoader)
[2024-07-10 01:01:35,548] INFO [ControllerRegistrationManager id=1 incarnation=y6iCu0MSSPSj-rwtZi0O4Q] Found registration for xs61ZkG0QXO9BZvy2t8F7w instead of our incarnation. (kafka.server.ControllerRegistrationManager)
[2024-07-10 01:01:35,549] INFO [MetadataLoader id=1] InitializeNewPublishers: initializing DynamicClientQuotaPublisher controller id=1 with a snapshot at offset 32790 (org.apache.kafka.image.loader.MetadataLoader)
[2024-07-10 01:01:35,550] INFO Awaiting socket connections on 0.0.0.0:9093. (kafka.network.DataPlaneAcceptor)
[2024-07-10 01:01:35,550] INFO [MetadataLoader id=1] InitializeNewPublishers: initializing ScramPublisher controller id=1 with a snapshot at offset 32790 (org.apache.kafka.image.loader.MetadataLoader)
[2024-07-10 01:01:35,552] INFO [MetadataLoader id=1] InitializeNewPublishers: initializing DelegationTokenPublisher controller id=1 with a snapshot at offset 32790 (org.apache.kafka.image.loader.MetadataLoader)
[2024-07-10 01:01:35,554] INFO [MetadataLoader id=1] InitializeNewPublishers: initializing ControllerMetadataMetricsPublisher with a snapshot at offset 32790 (org.apache.kafka.image.loader.MetadataLoader)
[2024-07-10 01:01:35,554] INFO [MetadataLoader id=1] InitializeNewPublishers: initializing AclPublisher controller id=1 with a snapshot at offset 32790 (org.apache.kafka.image.loader.MetadataLoader)
[2024-07-10 01:01:35,562] INFO [controller-1-to-controller-registration-channel-manager]: Starting (kafka.server.NodeToControllerRequestThread)
[2024-07-10 01:01:35,562] INFO [ControllerServer id=1] Waiting for all of the authorizer futures to be completed (kafka.server.ControllerServer)
[2024-07-10 01:01:35,562] INFO [ControllerRegistrationManager id=1 incarnation=y6iCu0MSSPSj-rwtZi0O4Q] initialized channel manager. (kafka.server.ControllerRegistrationManager)
[2024-07-10 01:01:35,562] INFO [ControllerServer id=1] Finished waiting for all of the authorizer futures to be completed (kafka.server.ControllerServer)
[2024-07-10 01:01:35,563] INFO [ControllerServer id=1] Waiting for all of the SocketServer Acceptors to be started (kafka.server.ControllerServer)
[2024-07-10 01:01:35,563] INFO [ControllerServer id=1] Finished waiting for all of the SocketServer Acceptors to be started (kafka.server.ControllerServer)
[2024-07-10 01:01:35,563] INFO [controller-1-to-controller-registration-channel-manager]: Recorded new controller, from now on will use node localhost:9093 (id: 1 rack: null) (kafka.server.NodeToControllerRequestThread)
[2024-07-10 01:01:35,564] INFO [BrokerServer id=1] Transition from SHUTDOWN to STARTING (kafka.server.BrokerServer)
[2024-07-10 01:01:35,564] INFO [ControllerRegistrationManager id=1 incarnation=y6iCu0MSSPSj-rwtZi0O4Q] sendControllerRegistration: attempting to send ControllerRegistrationRequestData(controllerId=1, incarnationId=y6iCu0MSSPSj-rwtZi0O4Q, zkMigrationReady=false, listeners=[Listener(name='CONTROLLER', host='host.docker.internal', port=9093, securityProtocol=0)], features=[Feature(name='metadata.version', minSupportedVersion=1, maxSupportedVersion=19)]) (kafka.server.ControllerRegistrationManager)
[2024-07-10 01:01:35,564] INFO [BrokerServer id=1] Starting broker (kafka.server.BrokerServer)
[2024-07-10 01:01:35,569] INFO [broker-1-ThrottledChannelReaper-Produce]: Starting (kafka.server.ClientQuotaManager$ThrottledChannelReaper)
[2024-07-10 01:01:35,569] INFO [broker-1-ThrottledChannelReaper-ControllerMutation]: Starting (kafka.server.ClientQuotaManager$ThrottledChannelReaper)
[2024-07-10 01:01:35,569] INFO [broker-1-ThrottledChannelReaper-Request]: Starting (kafka.server.ClientQuotaManager$ThrottledChannelReaper)
[2024-07-10 01:01:35,569] INFO [broker-1-ThrottledChannelReaper-Fetch]: Starting (kafka.server.ClientQuotaManager$ThrottledChannelReaper)
[2024-07-10 01:01:35,596] INFO [BrokerServer id=1] Waiting for controller quorum voters future (kafka.server.BrokerServer)
[2024-07-10 01:01:35,597] INFO [BrokerServer id=1] Finished waiting for controller quorum voters future (kafka.server.BrokerServer)
[2024-07-10 01:01:35,599] INFO [broker-1-to-controller-forwarding-channel-manager]: Starting (kafka.server.NodeToControllerRequestThread)
[2024-07-10 01:01:35,599] INFO [broker-1-to-controller-forwarding-channel-manager]: Recorded new controller, from now on will use node localhost:9093 (id: 1 rack: null) (kafka.server.NodeToControllerRequestThread)
[2024-07-10 01:01:35,630] INFO Updated connection-accept-rate max connection creation rate to 2147483647 (kafka.network.ConnectionQuotas)
[2024-07-10 01:01:35,641] INFO [SocketServer listenerType=BROKER, nodeId=1] Created data-plane acceptor and processors for endpoint : ListenerName(PLAINTEXT) (kafka.network.SocketServer)
[2024-07-10 01:01:35,647] INFO [broker-1-to-controller-alter-partition-channel-manager]: Starting (kafka.server.NodeToControllerRequestThread)
[2024-07-10 01:01:35,648] INFO [broker-1-to-controller-alter-partition-channel-manager]: Recorded new controller, from now on will use node localhost:9093 (id: 1 rack: null) (kafka.server.NodeToControllerRequestThread)
[2024-07-10 01:01:35,658] INFO [broker-1-to-controller-directory-assignments-channel-manager]: Starting (kafka.server.NodeToControllerRequestThread)
[2024-07-10 01:01:35,658] INFO [broker-1-to-controller-directory-assignments-channel-manager]: Recorded new controller, from now on will use node localhost:9093 (id: 1 rack: null) (kafka.server.NodeToControllerRequestThread)
[2024-07-10 01:01:35,661] INFO [ControllerRegistrationManager id=1 incarnation=y6iCu0MSSPSj-rwtZi0O4Q] Our registration has been persisted to the metadata log. (kafka.server.ControllerRegistrationManager)
[2024-07-10 01:01:35,663] INFO [ControllerRegistrationManager id=1 incarnation=y6iCu0MSSPSj-rwtZi0O4Q] RegistrationResponseHandler: controller acknowledged ControllerRegistrationRequest. (kafka.server.ControllerRegistrationManager)
[2024-07-10 01:01:35,674] INFO [ExpirationReaper-1-Produce]: Starting (kafka.server.DelayedOperationPurgatory$ExpiredOperationReaper)
[2024-07-10 01:01:35,675] INFO [ExpirationReaper-1-Fetch]: Starting (kafka.server.DelayedOperationPurgatory$ExpiredOperationReaper)
[2024-07-10 01:01:35,676] INFO [ExpirationReaper-1-DeleteRecords]: Starting (kafka.server.DelayedOperationPurgatory$ExpiredOperationReaper)
[2024-07-10 01:01:35,677] INFO [ExpirationReaper-1-ElectLeader]: Starting (kafka.server.DelayedOperationPurgatory$ExpiredOperationReaper)
[2024-07-10 01:01:35,677] INFO [ExpirationReaper-1-RemoteFetch]: Starting (kafka.server.DelayedOperationPurgatory$ExpiredOperationReaper)
[2024-07-10 01:01:35,700] INFO [ExpirationReaper-1-Heartbeat]: Starting (kafka.server.DelayedOperationPurgatory$ExpiredOperationReaper)
[2024-07-10 01:01:35,700] INFO [ExpirationReaper-1-Rebalance]: Starting (kafka.server.DelayedOperationPurgatory$ExpiredOperationReaper)
[2024-07-10 01:01:35,729] INFO Unable to read the broker epoch in C:\tmp\kraft-combined-logs. (kafka.log.LogManager)
[2024-07-10 01:01:35,730] INFO [broker-1-to-controller-heartbeat-channel-manager]: Starting (kafka.server.NodeToControllerRequestThread)
[2024-07-10 01:01:35,731] INFO [broker-1-to-controller-heartbeat-channel-manager]: Recorded new controller, from now on will use node localhost:9093 (id: 1 rack: null) (kafka.server.NodeToControllerRequestThread)
[2024-07-10 01:01:35,733] INFO [BrokerLifecycleManager id=1] Incarnation ira6Ww_IQz2WbjfTuPbwSw of broker 1 in cluster 8746P19mS-yv9aGnyD1rWA is now STARTING. (kafka.server.BrokerLifecycleManager)
[2024-07-10 01:01:35,758] INFO [BrokerLifecycleManager id=1] Unable to register broker 1 because the controller returned error DUPLICATE_BROKER_REGISTRATION (kafka.server.BrokerLifecycleManager)
[2024-07-10 01:01:35,765] INFO [ExpirationReaper-1-AlterAcls]: Starting (kafka.server.DelayedOperationPurgatory$ExpiredOperationReaper)
[2024-07-10 01:01:35,782] INFO [BrokerServer id=1] Waiting for the broker metadata publishers to be installed (kafka.server.BrokerServer)
[2024-07-10 01:01:35,784] INFO [MetadataLoader id=1] InitializeNewPublishers: initializing BrokerMetadataPublisher with a snapshot at offset 32791 (org.apache.kafka.image.loader.MetadataLoader)
[2024-07-10 01:01:35,791] INFO [BrokerServer id=1] Finished waiting for the broker metadata publishers to be installed (kafka.server.BrokerServer)
[2024-07-10 01:01:35,792] INFO [BrokerServer id=1] Waiting for the controller to acknowledge that we are caught up (kafka.server.BrokerServer)
[2024-07-10 01:01:35,792] INFO [BrokerMetadataPublisher id=1] Publishing initial metadata at offset OffsetAndEpoch(offset=32791, epoch=8) with metadata.version 3.7-IV4. (kafka.server.metadata.BrokerMetadataPublisher)
[2024-07-10 01:01:35,795] INFO Loading logs from log dirs ArraySeq(C:\tmp\kraft-combined-logs) (kafka.log.LogManager)
[2024-07-10 01:01:35,805] INFO Recovering 101 logs from C:\tmp\kraft-combined-logs since no clean shutdown file was found (kafka.log.LogManager)
[2024-07-10 01:01:35,817] WARN [LogLoader partition=movies-0, dir=C:\tmp\kraft-combined-logs] Found an orphaned index file C:\tmp\kraft-combined-logs\movies-0\00000000000000000000.timeindex, with no corresponding log file. (kafka.log.LogLoader)
[2024-07-10 01:01:35,818] INFO [LogLoader partition=movies-0, dir=C:\tmp\kraft-combined-logs] Recovering unflushed segment 3. 0/1 recovered for movies-0. (kafka.log.LogLoader)
[2024-07-10 01:01:35,819] INFO [LogLoader partition=movies-0, dir=C:\tmp\kraft-combined-logs] Loading producer state till offset 3 with message format version 2 (kafka.log.UnifiedLog$)
[2024-07-10 01:01:35,819] INFO [LogLoader partition=movies-0, dir=C:\tmp\kraft-combined-logs] Reloading from producer snapshot and rebuilding producer state from offset 3 (kafka.log.UnifiedLog$)
[2024-07-10 01:01:35,819] INFO Deleted producer state snapshot C:\tmp\kraft-combined-logs\movies-0\00000000000000000007.snapshot (org.apache.kafka.storage.internals.log.SnapshotFile)
[2024-07-10 01:01:35,819] INFO [ProducerStateManager partition=movies-0] Loading producer state from snapshot file 'SnapshotFile(offset=3, file=C:\tmp\kraft-combined-logs\movies-0\00000000000000000003.snapshot)' (org.apache.kafka.storage.internals.log.ProducerStateManager)
[2024-07-10 01:01:35,824] INFO [LogLoader partition=movies-0, dir=C:\tmp\kraft-combined-logs] Producer state recovery took 5ms for snapshot load and 0ms for segment recovery from offset 3 (kafka.log.UnifiedLog$)
[2024-07-10 01:01:35,830] INFO [ProducerStateManager partition=movies-0] Wrote producer snapshot at offset 7 with 2 producer ids in 2 ms. (org.apache.kafka.storage.internals.log.ProducerStateManager)
[2024-07-10 01:01:35,833] INFO [LogLoader partition=movies-0, dir=C:\tmp\kraft-combined-logs] Loading producer state till offset 7 with message format version 2 (kafka.log.UnifiedLog$)
[2024-07-10 01:01:35,833] INFO [LogLoader partition=movies-0, dir=C:\tmp\kraft-combined-logs] Reloading from producer snapshot and rebuilding producer state from offset 7 (kafka.log.UnifiedLog$)
[2024-07-10 01:01:35,833] INFO Deleted producer state snapshot C:\tmp\kraft-combined-logs\movies-0\00000000000000000003.snapshot (org.apache.kafka.storage.internals.log.SnapshotFile)
[2024-07-10 01:01:35,833] INFO [ProducerStateManager partition=movies-0] Loading producer state from snapshot file 'SnapshotFile(offset=7, file=C:\tmp\kraft-combined-logs\movies-0\00000000000000000007.snapshot)' (org.apache.kafka.storage.internals.log.ProducerStateManager)
[2024-07-10 01:01:35,834] INFO [LogLoader partition=movies-0, dir=C:\tmp\kraft-combined-logs] Producer state recovery took 1ms for snapshot load and 0ms for segment recovery from offset 7 (kafka.log.UnifiedLog$)
[2024-07-10 01:01:35,837] INFO Completed load of Log(dir=C:\tmp\kraft-combined-logs\movies-0, topicId=dib64UA_QPGHToiOx16mtg, topic=movies, partition=0, highWatermark=3, lastStableOffset=3, logStartOffset=3, logEndOffset=7) with 1 segments, local-log-start-offset 3 and log-end-offset 7 in 27ms (1/101 completed in C:\tmp\kraft-combined-logs) (kafka.log.LogManager)
[2024-07-10 01:01:35,843] INFO [LogLoader partition=__consumer_offsets-0, dir=C:\tmp\kraft-combined-logs] Recovering unflushed segment 0. 0/1 recovered for __consumer_offsets-0. (kafka.log.LogLoader)
[2024-07-10 01:01:35,843] INFO [LogLoader partition=__consumer_offsets-0, dir=C:\tmp\kraft-combined-logs] Loading producer state till offset 0 with message format version 2 (kafka.log.UnifiedLog$)
[2024-07-10 01:01:35,843] INFO [LogLoader partition=__consumer_offsets-0, dir=C:\tmp\kraft-combined-logs] Reloading from producer snapshot and rebuilding producer state from offset 0 (kafka.log.UnifiedLog$)
[2024-07-10 01:01:35,843] INFO [LogLoader partition=__consumer_offsets-0, dir=C:\tmp\kraft-combined-logs] Producer state recovery took 0ms for snapshot load and 0ms for segment recovery from offset 0 (kafka.log.UnifiedLog$)
[2024-07-10 01:01:35,846] INFO [LogLoader partition=__consumer_offsets-0, dir=C:\tmp\kraft-combined-logs] Loading producer state till offset 0 with message format version 2 (kafka.log.UnifiedLog$)
[2024-07-10 01:01:35,846] INFO [LogLoader partition=__consumer_offsets-0, dir=C:\tmp\kraft-combined-logs] Reloading from producer snapshot and rebuilding producer state from offset 0 (kafka.log.UnifiedLog$)
[2024-07-10 01:01:35,846] INFO [LogLoader partition=__consumer_offsets-0, dir=C:\tmp\kraft-combined-logs] Producer state recovery took 0ms for snapshot load and 0ms for segment recovery from offset 0 (kafka.log.UnifiedLog$)
[2024-07-10 01:01:35,847] INFO Completed load of Log(dir=C:\tmp\kraft-combined-logs\__consumer_offsets-0, topicId=J4kQ0lo8Q72VayKSWp6DCQ, topic=__consumer_offsets, partition=0, highWatermark=0, lastStableOffset=0, logStartOffset=0, logEndOffset=0) with 1 segments, local-log-start-offset 0 and log-end-offset 0 in 10ms (2/101 completed in C:\tmp\kraft-combined-logs) (kafka.log.LogManager)
[2024-07-10 01:01:35,850] INFO [LogLoader partition=__consumer_offsets-1, dir=C:\tmp\kraft-combined-logs] Recovering unflushed segment 0. 0/1 recovered for __consumer_offsets-1. (kafka.log.LogLoader)
[2024-07-10 01:01:35,851] INFO [LogLoader partition=__consumer_offsets-1, dir=C:\tmp\kraft-combined-logs] Loading producer state till offset 0 with message format version 2 (kafka.log.UnifiedLog$)
[2024-07-10 01:01:35,851] INFO [LogLoader partition=__consumer_offsets-1, dir=C:\tmp\kraft-combined-logs] Reloading from producer snapshot and rebuilding producer state from offset 0 (kafka.log.UnifiedLog$)
[2024-07-10 01:01:35,851] INFO [LogLoader partition=__consumer_offsets-1, dir=C:\tmp\kraft-combined-logs] Producer state recovery took 0ms for snapshot load and 0ms for segment recovery from offset 0 (kafka.log.UnifiedLog$)
[2024-07-10 01:01:35,853] INFO [LogLoader partition=__consumer_offsets-1, dir=C:\tmp\kraft-combined-logs] Loading producer state till offset 0 with message format version 2 (kafka.log.UnifiedLog$)
[2024-07-10 01:01:35,853] INFO [LogLoader partition=__consumer_offsets-1, dir=C:\tmp\kraft-combined-logs] Reloading from producer snapshot and rebuilding producer state from offset 0 (kafka.log.UnifiedLog$)
[2024-07-10 01:01:35,854] INFO [LogLoader partition=__consumer_offsets-1, dir=C:\tmp\kraft-combined-logs] Producer state recovery took 0ms for snapshot load and 0ms for segment recovery from offset 0 (kafka.log.UnifiedLog$)
[2024-07-10 01:01:35,854] INFO Completed load of Log(dir=C:\tmp\kraft-combined-logs\__consumer_offsets-1, topicId=J4kQ0lo8Q72VayKSWp6DCQ, topic=__consumer_offsets, partition=1, highWatermark=0, lastStableOffset=0, logStartOffset=0, logEndOffset=0) with 1 segments, local-log-start-offset 0 and log-end-offset 0 in 7ms (3/101 completed in C:\tmp\kraft-combined-logs) (kafka.log.LogManager)
[2024-07-10 01:01:35,857] INFO [LogLoader partition=__consumer_offsets-10, dir=C:\tmp\kraft-combined-logs] Recovering unflushed segment 0. 0/1 recovered for __consumer_offsets-10. (kafka.log.LogLoader)
[2024-07-10 01:01:35,858] INFO [LogLoader partition=__consumer_offsets-10, dir=C:\tmp\kraft-combined-logs] Loading producer state till offset 0 with message format version 2 (kafka.log.UnifiedLog$)
[2024-07-10 01:01:35,858] INFO [LogLoader partition=__consumer_offsets-10, dir=C:\tmp\kraft-combined-logs] Reloading from producer snapshot and rebuilding producer state from offset 0 (kafka.log.UnifiedLog$)
[2024-07-10 01:01:35,858] INFO [LogLoader partition=__consumer_offsets-10, dir=C:\tmp\kraft-combined-logs] Producer state recovery took 0ms for snapshot load and 0ms for segment recovery from offset 0 (kafka.log.UnifiedLog$)
[2024-07-10 01:01:35,861] INFO [LogLoader partition=__consumer_offsets-10, dir=C:\tmp\kraft-combined-logs] Loading producer state till offset 0 with message format version 2 (kafka.log.UnifiedLog$)
[2024-07-10 01:01:35,861] INFO [LogLoader partition=__consumer_offsets-10, dir=C:\tmp\kraft-combined-logs] Reloading from producer snapshot and rebuilding producer state from offset 0 (kafka.log.UnifiedLog$)
[2024-07-10 01:01:35,861] INFO [LogLoader partition=__consumer_offsets-10, dir=C:\tmp\kraft-combined-logs] Producer state recovery took 0ms for snapshot load and 0ms for segment recovery from offset 0 (kafka.log.UnifiedLog$)
[2024-07-10 01:01:35,861] INFO Completed load of Log(dir=C:\tmp\kraft-combined-logs\__consumer_offsets-10, topicId=J4kQ0lo8Q72VayKSWp6DCQ, topic=__consumer_offsets, partition=10, highWatermark=0, lastStableOffset=0, logStartOffset=0, logEndOffset=0) with 1 segments, local-log-start-offset 0 and log-end-offset 0 in 7ms (4/101 completed in C:\tmp\kraft-combined-logs) (kafka.log.LogManager)
[2024-07-10 01:01:35,869] INFO [LogLoader partition=__consumer_offsets-11, dir=C:\tmp\kraft-combined-logs] Recovering unflushed segment 0. 0/1 recovered for __consumer_offsets-11. (kafka.log.LogLoader)
[2024-07-10 01:01:35,869] INFO [LogLoader partition=__consumer_offsets-11, dir=C:\tmp\kraft-combined-logs] Loading producer state till offset 0 with message format version 2 (kafka.log.UnifiedLog$)
[2024-07-10 01:01:35,870] INFO [LogLoader partition=__consumer_offsets-11, dir=C:\tmp\kraft-combined-logs] Reloading from producer snapshot and rebuilding producer state from offset 0 (kafka.log.UnifiedLog$)
[2024-07-10 01:01:35,870] INFO Deleted producer state snapshot C:\tmp\kraft-combined-logs\__consumer_offsets-11\00000000000000000003.snapshot (org.apache.kafka.storage.internals.log.SnapshotFile)
[2024-07-10 01:01:35,870] INFO [LogLoader partition=__consumer_offsets-11, dir=C:\tmp\kraft-combined-logs] Producer state recovery took 0ms for snapshot load and 0ms for segment recovery from offset 0 (kafka.log.UnifiedLog$)
[2024-07-10 01:01:35,873] INFO [ProducerStateManager partition=__consumer_offsets-11] Wrote producer snapshot at offset 3 with 0 producer ids in 1 ms. (org.apache.kafka.storage.internals.log.ProducerStateManager)
[2024-07-10 01:01:35,876] INFO [LogLoader partition=__consumer_offsets-11, dir=C:\tmp\kraft-combined-logs] Loading producer state till offset 3 with message format version 2 (kafka.log.UnifiedLog$)
[2024-07-10 01:01:35,876] INFO [LogLoader partition=__consumer_offsets-11, dir=C:\tmp\kraft-combined-logs] Reloading from producer snapshot and rebuilding producer state from offset 3 (kafka.log.UnifiedLog$)
[2024-07-10 01:01:35,876] INFO [BrokerLifecycleManager id=1] Unable to register broker 1 because the controller returned error DUPLICATE_BROKER_REGISTRATION (kafka.server.BrokerLifecycleManager)
[2024-07-10 01:01:35,876] INFO [ProducerStateManager partition=__consumer_offsets-11] Loading producer state from snapshot file 'SnapshotFile(offset=3, file=C:\tmp\kraft-combined-logs\__consumer_offsets-11\00000000000000000003.snapshot)' (org.apache.kafka.storage.internals.log.ProducerStateManager)
[2024-07-10 01:01:35,877] INFO [LogLoader partition=__consumer_offsets-11, dir=C:\tmp\kraft-combined-logs] Producer state recovery took 1ms for snapshot load and 0ms for segment recovery from offset 3 (kafka.log.UnifiedLog$)
[2024-07-10 01:01:35,878] INFO Completed load of Log(dir=C:\tmp\kraft-combined-logs\__consumer_offsets-11, topicId=J4kQ0lo8Q72VayKSWp6DCQ, topic=__consumer_offsets, partition=11, highWatermark=0, lastStableOffset=0, logStartOffset=0, logEndOffset=3) with 1 segments, local-log-start-offset 0 and log-end-offset 3 in 16ms (5/101 completed in C:\tmp\kraft-combined-logs) (kafka.log.LogManager)
[2024-07-10 01:01:35,885] INFO [LogLoader partition=__consumer_offsets-12, dir=C:\tmp\kraft-combined-logs] Recovering unflushed segment 0. 0/1 recovered for __consumer_offsets-12. (kafka.log.LogLoader)
[2024-07-10 01:01:35,885] INFO [LogLoader partition=__consumer_offsets-12, dir=C:\tmp\kraft-combined-logs] Loading producer state till offset 0 with message format version 2 (kafka.log.UnifiedLog$)
[2024-07-10 01:01:35,885] INFO [LogLoader partition=__consumer_offsets-12, dir=C:\tmp\kraft-combined-logs] Reloading from producer snapshot and rebuilding producer state from offset 0 (kafka.log.UnifiedLog$)
[2024-07-10 01:01:35,886] INFO Deleted producer state snapshot C:\tmp\kraft-combined-logs\__consumer_offsets-12\00000000000000000003.snapshot (org.apache.kafka.storage.internals.log.SnapshotFile)
[2024-07-10 01:01:35,886] INFO [LogLoader partition=__consumer_offsets-12, dir=C:\tmp\kraft-combined-logs] Producer state recovery took 1ms for snapshot load and 0ms for segment recovery from offset 0 (kafka.log.UnifiedLog$)
[2024-07-10 01:01:35,888] INFO [ProducerStateManager partition=__consumer_offsets-12] Wrote producer snapshot at offset 3 with 0 producer ids in 1 ms. (org.apache.kafka.storage.internals.log.ProducerStateManager)
[2024-07-10 01:01:35,892] INFO [LogLoader partition=__consumer_offsets-12, dir=C:\tmp\kraft-combined-logs] Loading producer state till offset 3 with message format version 2 (kafka.log.UnifiedLog$)
[2024-07-10 01:01:35,892] INFO [LogLoader partition=__consumer_offsets-12, dir=C:\tmp\kraft-combined-logs] Reloading from producer snapshot and rebuilding producer state from offset 3 (kafka.log.UnifiedLog$)
[2024-07-10 01:01:35,892] INFO [ProducerStateManager partition=__consumer_offsets-12] Loading producer state from snapshot file 'SnapshotFile(offset=3, file=C:\tmp\kraft-combined-logs\__consumer_offsets-12\00000000000000000003.snapshot)' (org.apache.kafka.storage.internals.log.ProducerStateManager)
[2024-07-10 01:01:35,894] INFO [LogLoader partition=__consumer_offsets-12, dir=C:\tmp\kraft-combined-logs] Producer state recovery took 2ms for snapshot load and 0ms for segment recovery from offset 3 (kafka.log.UnifiedLog$)
[2024-07-10 01:01:35,895] INFO Completed load of Log(dir=C:\tmp\kraft-combined-logs\__consumer_offsets-12, topicId=J4kQ0lo8Q72VayKSWp6DCQ, topic=__consumer_offsets, partition=12, highWatermark=0, lastStableOffset=0, logStartOffset=0, logEndOffset=3) with 1 segments, local-log-start-offset 0 and log-end-offset 3 in 17ms (6/101 completed in C:\tmp\kraft-combined-logs) (kafka.log.LogManager)
[2024-07-10 01:01:35,898] INFO [LogLoader partition=__consumer_offsets-13, dir=C:\tmp\kraft-combined-logs] Recovering unflushed segment 0. 0/1 recovered for __consumer_offsets-13. (kafka.log.LogLoader)
[2024-07-10 01:01:35,898] INFO [LogLoader partition=__consumer_offsets-13, dir=C:\tmp\kraft-combined-logs] Loading producer state till offset 0 with message format version 2 (kafka.log.UnifiedLog$)
[2024-07-10 01:01:35,898] INFO [LogLoader partition=__consumer_offsets-13, dir=C:\tmp\kraft-combined-logs] Reloading from producer snapshot and rebuilding producer state from offset 0 (kafka.log.UnifiedLog$)
[2024-07-10 01:01:35,898] INFO [LogLoader partition=__consumer_offsets-13, dir=C:\tmp\kraft-combined-logs] Producer state recovery took 0ms for snapshot load and 0ms for segment recovery from offset 0 (kafka.log.UnifiedLog$)
[2024-07-10 01:01:35,903] INFO [LogLoader partition=__consumer_offsets-13, dir=C:\tmp\kraft-combined-logs] Loading producer state till offset 0 with message format version 2 (kafka.log.UnifiedLog$)
[2024-07-10 01:01:35,903] INFO [LogLoader partition=__consumer_offsets-13, dir=C:\tmp\kraft-combined-logs] Reloading from producer snapshot and rebuilding producer state from offset 0 (kafka.log.UnifiedLog$)
[2024-07-10 01:01:35,903] INFO [LogLoader partition=__consumer_offsets-13, dir=C:\tmp\kraft-combined-logs] Producer state recovery took 0ms for snapshot load and 0ms for segment recovery from offset 0 (kafka.log.UnifiedLog$)
[2024-07-10 01:01:35,904] INFO Completed load of Log(dir=C:\tmp\kraft-combined-logs\__consumer_offsets-13, topicId=J4kQ0lo8Q72VayKSWp6DCQ, topic=__consumer_offsets, partition=13, highWatermark=0, lastStableOffset=0, logStartOffset=0, logEndOffset=0) with 1 segments, local-log-start-offset 0 and log-end-offset 0 in 9ms (7/101 completed in C:\tmp\kraft-combined-logs) (kafka.log.LogManager)
[2024-07-10 01:01:35,908] INFO [LogLoader partition=__consumer_offsets-14, dir=C:\tmp\kraft-combined-logs] Recovering unflushed segment 0. 0/1 recovered for __consumer_offsets-14. (kafka.log.LogLoader)
[2024-07-10 01:01:35,908] INFO [LogLoader partition=__consumer_offsets-14, dir=C:\tmp\kraft-combined-logs] Loading producer state till offset 0 with message format version 2 (kafka.log.UnifiedLog$)
[2024-07-10 01:01:35,908] INFO [LogLoader partition=__consumer_offsets-14, dir=C:\tmp\kraft-combined-logs] Reloading from producer snapshot and rebuilding producer state from offset 0 (kafka.log.UnifiedLog$)
[2024-07-10 01:01:35,908] INFO [LogLoader partition=__consumer_offsets-14, dir=C:\tmp\kraft-combined-logs] Producer state recovery took 0ms for snapshot load and 0ms for segment recovery from offset 0 (kafka.log.UnifiedLog$)
[2024-07-10 01:01:35,912] INFO [LogLoader partition=__consumer_offsets-14, dir=C:\tmp\kraft-combined-logs] Loading producer state till offset 0 with message format version 2 (kafka.log.UnifiedLog$)
[2024-07-10 01:01:35,912] INFO [LogLoader partition=__consumer_offsets-14, dir=C:\tmp\kraft-combined-logs] Reloading from producer snapshot and rebuilding producer state from offset 0 (kafka.log.UnifiedLog$)
[2024-07-10 01:01:35,912] INFO [LogLoader partition=__consumer_offsets-14, dir=C:\tmp\kraft-combined-logs] Producer state recovery took 0ms for snapshot load and 0ms for segment recovery from offset 0 (kafka.log.UnifiedLog$)
[2024-07-10 01:01:35,913] INFO Completed load of Log(dir=C:\tmp\kraft-combined-logs\__consumer_offsets-14, topicId=J4kQ0lo8Q72VayKSWp6DCQ, topic=__consumer_offsets, partition=14, highWatermark=0, lastStableOffset=0, logStartOffset=0, logEndOffset=0) with 1 segments, local-log-start-offset 0 and log-end-offset 0 in 9ms (8/101 completed in C:\tmp\kraft-combined-logs) (kafka.log.LogManager)
[2024-07-10 01:01:35,916] INFO [LogLoader partition=__consumer_offsets-15, dir=C:\tmp\kraft-combined-logs] Recovering unflushed segment 0. 0/1 recovered for __consumer_offsets-15. (kafka.log.LogLoader)
[2024-07-10 01:01:35,916] INFO [LogLoader partition=__consumer_offsets-15, dir=C:\tmp\kraft-combined-logs] Loading producer state till offset 0 with message format version 2 (kafka.log.UnifiedLog$)
[2024-07-10 01:01:35,917] INFO [LogLoader partition=__consumer_offsets-15, dir=C:\tmp\kraft-combined-logs] Reloading from producer snapshot and rebuilding producer state from offset 0 (kafka.log.UnifiedLog$)
[2024-07-10 01:01:35,917] INFO [LogLoader partition=__consumer_offsets-15, dir=C:\tmp\kraft-combined-logs] Producer state recovery took 0ms for snapshot load and 0ms for segment recovery from offset 0 (kafka.log.UnifiedLog$)
[2024-07-10 01:01:35,920] INFO [LogLoader partition=__consumer_offsets-15, dir=C:\tmp\kraft-combined-logs] Loading producer state till offset 0 with message format version 2 (kafka.log.UnifiedLog$)
[2024-07-10 01:01:35,920] INFO [LogLoader partition=__consumer_offsets-15, dir=C:\tmp\kraft-combined-logs] Reloading from producer snapshot and rebuilding producer state from offset 0 (kafka.log.UnifiedLog$)
[2024-07-10 01:01:35,920] INFO [LogLoader partition=__consumer_offsets-15, dir=C:\tmp\kraft-combined-logs] Producer state recovery took 0ms for snapshot load and 0ms for segment recovery from offset 0 (kafka.log.UnifiedLog$)
[2024-07-10 01:01:35,921] INFO Completed load of Log(dir=C:\tmp\kraft-combined-logs\__consumer_offsets-15, topicId=J4kQ0lo8Q72VayKSWp6DCQ, topic=__consumer_offsets, partition=15, highWatermark=0, lastStableOffset=0, logStartOffset=0, logEndOffset=0) with 1 segments, local-log-start-offset 0 and log-end-offset 0 in 8ms (9/101 completed in C:\tmp\kraft-combined-logs) (kafka.log.LogManager)
[2024-07-10 01:01:35,925] INFO [LogLoader partition=__consumer_offsets-16, dir=C:\tmp\kraft-combined-logs] Recovering unflushed segment 0. 0/1 recovered for __consumer_offsets-16. (kafka.log.LogLoader)
[2024-07-10 01:01:35,926] INFO [LogLoader partition=__consumer_offsets-16, dir=C:\tmp\kraft-combined-logs] Loading producer state till offset 0 with message format version 2 (kafka.log.UnifiedLog$)
[2024-07-10 01:01:35,926] INFO [LogLoader partition=__consumer_offsets-16, dir=C:\tmp\kraft-combined-logs] Reloading from producer snapshot and rebuilding producer state from offset 0 (kafka.log.UnifiedLog$)
[2024-07-10 01:01:35,926] INFO [LogLoader partition=__consumer_offsets-16, dir=C:\tmp\kraft-combined-logs] Producer state recovery took 0ms for snapshot load and 0ms for segment recovery from offset 0 (kafka.log.UnifiedLog$)
[2024-07-10 01:01:35,929] INFO [LogLoader partition=__consumer_offsets-16, dir=C:\tmp\kraft-combined-logs] Loading producer state till offset 0 with message format version 2 (kafka.log.UnifiedLog$)
[2024-07-10 01:01:35,929] INFO [LogLoader partition=__consumer_offsets-16, dir=C:\tmp\kraft-combined-logs] Reloading from producer snapshot and rebuilding producer state from offset 0 (kafka.log.UnifiedLog$)
[2024-07-10 01:01:35,929] INFO [LogLoader partition=__consumer_offsets-16, dir=C:\tmp\kraft-combined-logs] Producer state recovery took 0ms for snapshot load and 0ms for segment recovery from offset 0 (kafka.log.UnifiedLog$)
[2024-07-10 01:01:35,930] INFO Completed load of Log(dir=C:\tmp\kraft-combined-logs\__consumer_offsets-16, topicId=J4kQ0lo8Q72VayKSWp6DCQ, topic=__consumer_offsets, partition=16, highWatermark=0, lastStableOffset=0, logStartOffset=0, logEndOffset=0) with 1 segments, local-log-start-offset 0 and log-end-offset 0 in 8ms (10/101 completed in C:\tmp\kraft-combined-logs) (kafka.log.LogManager)
[2024-07-10 01:01:35,933] INFO [LogLoader partition=__consumer_offsets-17, dir=C:\tmp\kraft-combined-logs] Recovering unflushed segment 0. 0/1 recovered for __consumer_offsets-17. (kafka.log.LogLoader)
[2024-07-10 01:01:35,933] INFO [LogLoader partition=__consumer_offsets-17, dir=C:\tmp\kraft-combined-logs] Loading producer state till offset 0 with message format version 2 (kafka.log.UnifiedLog$)
[2024-07-10 01:01:35,933] INFO [LogLoader partition=__consumer_offsets-17, dir=C:\tmp\kraft-combined-logs] Reloading from producer snapshot and rebuilding producer state from offset 0 (kafka.log.UnifiedLog$)
[2024-07-10 01:01:35,933] INFO [LogLoader partition=__consumer_offsets-17, dir=C:\tmp\kraft-combined-logs] Producer state recovery took 0ms for snapshot load and 0ms for segment recovery from offset 0 (kafka.log.UnifiedLog$)
[2024-07-10 01:01:35,936] INFO [LogLoader partition=__consumer_offsets-17, dir=C:\tmp\kraft-combined-logs] Loading producer state till offset 0 with message format version 2 (kafka.log.UnifiedLog$)
[2024-07-10 01:01:35,936] INFO [LogLoader partition=__consumer_offsets-17, dir=C:\tmp\kraft-combined-logs] Reloading from producer snapshot and rebuilding producer state from offset 0 (kafka.log.UnifiedLog$)
[2024-07-10 01:01:35,936] INFO [LogLoader partition=__consumer_offsets-17, dir=C:\tmp\kraft-combined-logs] Producer state recovery took 0ms for snapshot load and 0ms for segment recovery from offset 0 (kafka.log.UnifiedLog$)
[2024-07-10 01:01:35,937] INFO Completed load of Log(dir=C:\tmp\kraft-combined-logs\__consumer_offsets-17, topicId=J4kQ0lo8Q72VayKSWp6DCQ, topic=__consumer_offsets, partition=17, highWatermark=0, lastStableOffset=0, logStartOffset=0, logEndOffset=0) with 1 segments, local-log-start-offset 0 and log-end-offset 0 in 7ms (11/101 completed in C:\tmp\kraft-combined-logs) (kafka.log.LogManager)
[2024-07-10 01:01:35,940] INFO [LogLoader partition=__consumer_offsets-18, dir=C:\tmp\kraft-combined-logs] Recovering unflushed segment 0. 0/1 recovered for __consumer_offsets-18. (kafka.log.LogLoader)
[2024-07-10 01:01:35,941] INFO [LogLoader partition=__consumer_offsets-18, dir=C:\tmp\kraft-combined-logs] Loading producer state till offset 0 with message format version 2 (kafka.log.UnifiedLog$)
[2024-07-10 01:01:35,941] INFO [LogLoader partition=__consumer_offsets-18, dir=C:\tmp\kraft-combined-logs] Reloading from producer snapshot and rebuilding producer state from offset 0 (kafka.log.UnifiedLog$)
[2024-07-10 01:01:35,941] INFO [LogLoader partition=__consumer_offsets-18, dir=C:\tmp\kraft-combined-logs] Producer state recovery took 0ms for snapshot load and 0ms for segment recovery from offset 0 (kafka.log.UnifiedLog$)
[2024-07-10 01:01:35,944] INFO [LogLoader partition=__consumer_offsets-18, dir=C:\tmp\kraft-combined-logs] Loading producer state till offset 0 with message format version 2 (kafka.log.UnifiedLog$)
[2024-07-10 01:01:35,944] INFO [LogLoader partition=__consumer_offsets-18, dir=C:\tmp\kraft-combined-logs] Reloading from producer snapshot and rebuilding producer state from offset 0 (kafka.log.UnifiedLog$)
[2024-07-10 01:01:35,944] INFO [LogLoader partition=__consumer_offsets-18, dir=C:\tmp\kraft-combined-logs] Producer state recovery took 0ms for snapshot load and 0ms for segment recovery from offset 0 (kafka.log.UnifiedLog$)
[2024-07-10 01:01:35,945] INFO Completed load of Log(dir=C:\tmp\kraft-combined-logs\__consumer_offsets-18, topicId=J4kQ0lo8Q72VayKSWp6DCQ, topic=__consumer_offsets, partition=18, highWatermark=0, lastStableOffset=0, logStartOffset=0, logEndOffset=0) with 1 segments, local-log-start-offset 0 and log-end-offset 0 in 8ms (12/101 completed in C:\tmp\kraft-combined-logs) (kafka.log.LogManager)
[2024-07-10 01:01:35,948] INFO [LogLoader partition=__consumer_offsets-19, dir=C:\tmp\kraft-combined-logs] Recovering unflushed segment 0. 0/1 recovered for __consumer_offsets-19. (kafka.log.LogLoader)
[2024-07-10 01:01:35,949] INFO [LogLoader partition=__consumer_offsets-19, dir=C:\tmp\kraft-combined-logs] Loading producer state till offset 0 with message format version 2 (kafka.log.UnifiedLog$)
[2024-07-10 01:01:35,949] INFO [LogLoader partition=__consumer_offsets-19, dir=C:\tmp\kraft-combined-logs] Reloading from producer snapshot and rebuilding producer state from offset 0 (kafka.log.UnifiedLog$)
[2024-07-10 01:01:35,949] INFO [LogLoader partition=__consumer_offsets-19, dir=C:\tmp\kraft-combined-logs] Producer state recovery took 0ms for snapshot load and 0ms for segment recovery from offset 0 (kafka.log.UnifiedLog$)
[2024-07-10 01:01:35,952] INFO [LogLoader partition=__consumer_offsets-19, dir=C:\tmp\kraft-combined-logs] Loading producer state till offset 0 with message format version 2 (kafka.log.UnifiedLog$)
[2024-07-10 01:01:35,953] INFO [LogLoader partition=__consumer_offsets-19, dir=C:\tmp\kraft-combined-logs] Reloading from producer snapshot and rebuilding producer state from offset 0 (kafka.log.UnifiedLog$)
[2024-07-10 01:01:35,953] INFO [LogLoader partition=__consumer_offsets-19, dir=C:\tmp\kraft-combined-logs] Producer state recovery took 0ms for snapshot load and 0ms for segment recovery from offset 0 (kafka.log.UnifiedLog$)
[2024-07-10 01:01:35,953] INFO Completed load of Log(dir=C:\tmp\kraft-combined-logs\__consumer_offsets-19, topicId=J4kQ0lo8Q72VayKSWp6DCQ, topic=__consumer_offsets, partition=19, highWatermark=0, lastStableOffset=0, logStartOffset=0, logEndOffset=0) with 1 segments, local-log-start-offset 0 and log-end-offset 0 in 9ms (13/101 completed in C:\tmp\kraft-combined-logs) (kafka.log.LogManager)
[2024-07-10 01:01:35,956] INFO [LogLoader partition=__consumer_offsets-2, dir=C:\tmp\kraft-combined-logs] Recovering unflushed segment 0. 0/1 recovered for __consumer_offsets-2. (kafka.log.LogLoader)
[2024-07-10 01:01:35,957] INFO [LogLoader partition=__consumer_offsets-2, dir=C:\tmp\kraft-combined-logs] Loading producer state till offset 0 with message format version 2 (kafka.log.UnifiedLog$)
[2024-07-10 01:01:35,957] INFO [LogLoader partition=__consumer_offsets-2, dir=C:\tmp\kraft-combined-logs] Reloading from producer snapshot and rebuilding producer state from offset 0 (kafka.log.UnifiedLog$)
[2024-07-10 01:01:35,957] INFO [LogLoader partition=__consumer_offsets-2, dir=C:\tmp\kraft-combined-logs] Producer state recovery took 0ms for snapshot load and 0ms for segment recovery from offset 0 (kafka.log.UnifiedLog$)
[2024-07-10 01:01:35,961] INFO [LogLoader partition=__consumer_offsets-2, dir=C:\tmp\kraft-combined-logs] Loading producer state till offset 0 with message format version 2 (kafka.log.UnifiedLog$)
[2024-07-10 01:01:35,961] INFO [LogLoader partition=__consumer_offsets-2, dir=C:\tmp\kraft-combined-logs] Reloading from producer snapshot and rebuilding producer state from offset 0 (kafka.log.UnifiedLog$)
[2024-07-10 01:01:35,961] INFO [LogLoader partition=__consumer_offsets-2, dir=C:\tmp\kraft-combined-logs] Producer state recovery took 0ms for snapshot load and 0ms for segment recovery from offset 0 (kafka.log.UnifiedLog$)
[2024-07-10 01:01:35,961] INFO Completed load of Log(dir=C:\tmp\kraft-combined-logs\__consumer_offsets-2, topicId=J4kQ0lo8Q72VayKSWp6DCQ, topic=__consumer_offsets, partition=2, highWatermark=0, lastStableOffset=0, logStartOffset=0, logEndOffset=0) with 1 segments, local-log-start-offset 0 and log-end-offset 0 in 8ms (14/101 completed in C:\tmp\kraft-combined-logs) (kafka.log.LogManager)
[2024-07-10 01:01:35,965] INFO [LogLoader partition=__consumer_offsets-20, dir=C:\tmp\kraft-combined-logs] Recovering unflushed segment 0. 0/1 recovered for __consumer_offsets-20. (kafka.log.LogLoader)
[2024-07-10 01:01:35,965] INFO [LogLoader partition=__consumer_offsets-20, dir=C:\tmp\kraft-combined-logs] Loading producer state till offset 0 with message format version 2 (kafka.log.UnifiedLog$)
[2024-07-10 01:01:35,966] INFO [LogLoader partition=__consumer_offsets-20, dir=C:\tmp\kraft-combined-logs] Reloading from producer snapshot and rebuilding producer state from offset 0 (kafka.log.UnifiedLog$)
[2024-07-10 01:01:35,966] INFO [LogLoader partition=__consumer_offsets-20, dir=C:\tmp\kraft-combined-logs] Producer state recovery took 0ms for snapshot load and 0ms for segment recovery from offset 0 (kafka.log.UnifiedLog$)
[2024-07-10 01:01:35,970] INFO [LogLoader partition=__consumer_offsets-20, dir=C:\tmp\kraft-combined-logs] Loading producer state till offset 0 with message format version 2 (kafka.log.UnifiedLog$)
[2024-07-10 01:01:35,970] INFO [LogLoader partition=__consumer_offsets-20, dir=C:\tmp\kraft-combined-logs] Reloading from producer snapshot and rebuilding producer state from offset 0 (kafka.log.UnifiedLog$)
[2024-07-10 01:01:35,970] INFO [LogLoader partition=__consumer_offsets-20, dir=C:\tmp\kraft-combined-logs] Producer state recovery took 0ms for snapshot load and 0ms for segment recovery from offset 0 (kafka.log.UnifiedLog$)
[2024-07-10 01:01:35,971] INFO Completed load of Log(dir=C:\tmp\kraft-combined-logs\__consumer_offsets-20, topicId=J4kQ0lo8Q72VayKSWp6DCQ, topic=__consumer_offsets, partition=20, highWatermark=0, lastStableOffset=0, logStartOffset=0, logEndOffset=0) with 1 segments, local-log-start-offset 0 and log-end-offset 0 in 9ms (15/101 completed in C:\tmp\kraft-combined-logs) (kafka.log.LogManager)
[2024-07-10 01:01:35,974] INFO [LogLoader partition=__consumer_offsets-21, dir=C:\tmp\kraft-combined-logs] Recovering unflushed segment 0. 0/1 recovered for __consumer_offsets-21. (kafka.log.LogLoader)
[2024-07-10 01:01:35,975] INFO [LogLoader partition=__consumer_offsets-21, dir=C:\tmp\kraft-combined-logs] Loading producer state till offset 0 with message format version 2 (kafka.log.UnifiedLog$)
[2024-07-10 01:01:35,975] INFO [LogLoader partition=__consumer_offsets-21, dir=C:\tmp\kraft-combined-logs] Reloading from producer snapshot and rebuilding producer state from offset 0 (kafka.log.UnifiedLog$)
[2024-07-10 01:01:35,975] INFO [LogLoader partition=__consumer_offsets-21, dir=C:\tmp\kraft-combined-logs] Producer state recovery took 0ms for snapshot load and 0ms for segment recovery from offset 0 (kafka.log.UnifiedLog$)
[2024-07-10 01:01:35,978] INFO [LogLoader partition=__consumer_offsets-21, dir=C:\tmp\kraft-combined-logs] Loading producer state till offset 0 with message format version 2 (kafka.log.UnifiedLog$)
[2024-07-10 01:01:35,978] INFO [LogLoader partition=__consumer_offsets-21, dir=C:\tmp\kraft-combined-logs] Reloading from producer snapshot and rebuilding producer state from offset 0 (kafka.log.UnifiedLog$)
[2024-07-10 01:01:35,978] INFO [LogLoader partition=__consumer_offsets-21, dir=C:\tmp\kraft-combined-logs] Producer state recovery took 0ms for snapshot load and 0ms for segment recovery from offset 0 (kafka.log.UnifiedLog$)
[2024-07-10 01:01:35,978] INFO Completed load of Log(dir=C:\tmp\kraft-combined-logs\__consumer_offsets-21, topicId=J4kQ0lo8Q72VayKSWp6DCQ, topic=__consumer_offsets, partition=21, highWatermark=0, lastStableOffset=0, logStartOffset=0, logEndOffset=0) with 1 segments, local-log-start-offset 0 and log-end-offset 0 in 7ms (16/101 completed in C:\tmp\kraft-combined-logs) (kafka.log.LogManager)
[2024-07-10 01:01:35,981] INFO [LogLoader partition=__consumer_offsets-22, dir=C:\tmp\kraft-combined-logs] Recovering unflushed segment 0. 0/1 recovered for __consumer_offsets-22. (kafka.log.LogLoader)
[2024-07-10 01:01:35,982] INFO [LogLoader partition=__consumer_offsets-22, dir=C:\tmp\kraft-combined-logs] Loading producer state till offset 0 with message format version 2 (kafka.log.UnifiedLog$)
[2024-07-10 01:01:35,982] INFO [LogLoader partition=__consumer_offsets-22, dir=C:\tmp\kraft-combined-logs] Reloading from producer snapshot and rebuilding producer state from offset 0 (kafka.log.UnifiedLog$)
[2024-07-10 01:01:35,982] INFO [LogLoader partition=__consumer_offsets-22, dir=C:\tmp\kraft-combined-logs] Producer state recovery took 0ms for snapshot load and 0ms for segment recovery from offset 0 (kafka.log.UnifiedLog$)
[2024-07-10 01:01:35,986] INFO [LogLoader partition=__consumer_offsets-22, dir=C:\tmp\kraft-combined-logs] Loading producer state till offset 0 with message format version 2 (kafka.log.UnifiedLog$)
[2024-07-10 01:01:35,986] INFO [LogLoader partition=__consumer_offsets-22, dir=C:\tmp\kraft-combined-logs] Reloading from producer snapshot and rebuilding producer state from offset 0 (kafka.log.UnifiedLog$)
[2024-07-10 01:01:35,986] INFO [LogLoader partition=__consumer_offsets-22, dir=C:\tmp\kraft-combined-logs] Producer state recovery took 0ms for snapshot load and 0ms for segment recovery from offset 0 (kafka.log.UnifiedLog$)
[2024-07-10 01:01:35,987] INFO Completed load of Log(dir=C:\tmp\kraft-combined-logs\__consumer_offsets-22, topicId=J4kQ0lo8Q72VayKSWp6DCQ, topic=__consumer_offsets, partition=22, highWatermark=0, lastStableOffset=0, logStartOffset=0, logEndOffset=0) with 1 segments, local-log-start-offset 0 and log-end-offset 0 in 9ms (17/101 completed in C:\tmp\kraft-combined-logs) (kafka.log.LogManager)
[2024-07-10 01:01:35,990] INFO [LogLoader partition=__consumer_offsets-23, dir=C:\tmp\kraft-combined-logs] Recovering unflushed segment 0. 0/1 recovered for __consumer_offsets-23. (kafka.log.LogLoader)
[2024-07-10 01:01:35,990] INFO [LogLoader partition=__consumer_offsets-23, dir=C:\tmp\kraft-combined-logs] Loading producer state till offset 0 with message format version 2 (kafka.log.UnifiedLog$)
[2024-07-10 01:01:35,990] INFO [LogLoader partition=__consumer_offsets-23, dir=C:\tmp\kraft-combined-logs] Reloading from producer snapshot and rebuilding producer state from offset 0 (kafka.log.UnifiedLog$)
[2024-07-10 01:01:35,991] INFO [LogLoader partition=__consumer_offsets-23, dir=C:\tmp\kraft-combined-logs] Producer state recovery took 0ms for snapshot load and 0ms for segment recovery from offset 0 (kafka.log.UnifiedLog$)
[2024-07-10 01:01:35,994] INFO [LogLoader partition=__consumer_offsets-23, dir=C:\tmp\kraft-combined-logs] Loading producer state till offset 0 with message format version 2 (kafka.log.UnifiedLog$)
[2024-07-10 01:01:35,994] INFO [LogLoader partition=__consumer_offsets-23, dir=C:\tmp\kraft-combined-logs] Reloading from producer snapshot and rebuilding producer state from offset 0 (kafka.log.UnifiedLog$)
[2024-07-10 01:01:35,994] INFO [LogLoader partition=__consumer_offsets-23, dir=C:\tmp\kraft-combined-logs] Producer state recovery took 0ms for snapshot load and 0ms for segment recovery from offset 0 (kafka.log.UnifiedLog$)
[2024-07-10 01:01:35,995] INFO Completed load of Log(dir=C:\tmp\kraft-combined-logs\__consumer_offsets-23, topicId=J4kQ0lo8Q72VayKSWp6DCQ, topic=__consumer_offsets, partition=23, highWatermark=0, lastStableOffset=0, logStartOffset=0, logEndOffset=0) with 1 segments, local-log-start-offset 0 and log-end-offset 0 in 8ms (18/101 completed in C:\tmp\kraft-combined-logs) (kafka.log.LogManager)
[2024-07-10 01:01:35,997] INFO [LogLoader partition=__consumer_offsets-24, dir=C:\tmp\kraft-combined-logs] Recovering unflushed segment 0. 0/1 recovered for __consumer_offsets-24. (kafka.log.LogLoader)
[2024-07-10 01:01:35,998] INFO [LogLoader partition=__consumer_offsets-24, dir=C:\tmp\kraft-combined-logs] Loading producer state till offset 0 with message format version 2 (kafka.log.UnifiedLog$)
[2024-07-10 01:01:35,998] INFO [LogLoader partition=__consumer_offsets-24, dir=C:\tmp\kraft-combined-logs] Reloading from producer snapshot and rebuilding producer state from offset 0 (kafka.log.UnifiedLog$)
[2024-07-10 01:01:35,998] INFO [LogLoader partition=__consumer_offsets-24, dir=C:\tmp\kraft-combined-logs] Producer state recovery took 0ms for snapshot load and 0ms for segment recovery from offset 0 (kafka.log.UnifiedLog$)
[2024-07-10 01:01:36,002] INFO [LogLoader partition=__consumer_offsets-24, dir=C:\tmp\kraft-combined-logs] Loading producer state till offset 0 with message format version 2 (kafka.log.UnifiedLog$)
[2024-07-10 01:01:36,002] INFO [LogLoader partition=__consumer_offsets-24, dir=C:\tmp\kraft-combined-logs] Reloading from producer snapshot and rebuilding producer state from offset 0 (kafka.log.UnifiedLog$)
[2024-07-10 01:01:36,002] INFO [LogLoader partition=__consumer_offsets-24, dir=C:\tmp\kraft-combined-logs] Producer state recovery took 0ms for snapshot load and 0ms for segment recovery from offset 0 (kafka.log.UnifiedLog$)
[2024-07-10 01:01:36,003] INFO Completed load of Log(dir=C:\tmp\kraft-combined-logs\__consumer_offsets-24, topicId=J4kQ0lo8Q72VayKSWp6DCQ, topic=__consumer_offsets, partition=24, highWatermark=0, lastStableOffset=0, logStartOffset=0, logEndOffset=0) with 1 segments, local-log-start-offset 0 and log-end-offset 0 in 8ms (19/101 completed in C:\tmp\kraft-combined-logs) (kafka.log.LogManager)
[2024-07-10 01:01:36,005] INFO [LogLoader partition=__consumer_offsets-25, dir=C:\tmp\kraft-combined-logs] Recovering unflushed segment 0. 0/1 recovered for __consumer_offsets-25. (kafka.log.LogLoader)
[2024-07-10 01:01:36,006] INFO [LogLoader partition=__consumer_offsets-25, dir=C:\tmp\kraft-combined-logs] Loading producer state till offset 0 with message format version 2 (kafka.log.UnifiedLog$)
[2024-07-10 01:01:36,006] INFO [LogLoader partition=__consumer_offsets-25, dir=C:\tmp\kraft-combined-logs] Reloading from producer snapshot and rebuilding producer state from offset 0 (kafka.log.UnifiedLog$)
[2024-07-10 01:01:36,006] INFO [LogLoader partition=__consumer_offsets-25, dir=C:\tmp\kraft-combined-logs] Producer state recovery took 0ms for snapshot load and 0ms for segment recovery from offset 0 (kafka.log.UnifiedLog$)
[2024-07-10 01:01:36,010] INFO [LogLoader partition=__consumer_offsets-25, dir=C:\tmp\kraft-combined-logs] Loading producer state till offset 0 with message format version 2 (kafka.log.UnifiedLog$)
[2024-07-10 01:01:36,010] INFO [LogLoader partition=__consumer_offsets-25, dir=C:\tmp\kraft-combined-logs] Reloading from producer snapshot and rebuilding producer state from offset 0 (kafka.log.UnifiedLog$)
[2024-07-10 01:01:36,010] INFO [LogLoader partition=__consumer_offsets-25, dir=C:\tmp\kraft-combined-logs] Producer state recovery took 0ms for snapshot load and 0ms for segment recovery from offset 0 (kafka.log.UnifiedLog$)
[2024-07-10 01:01:36,011] INFO Completed load of Log(dir=C:\tmp\kraft-combined-logs\__consumer_offsets-25, topicId=J4kQ0lo8Q72VayKSWp6DCQ, topic=__consumer_offsets, partition=25, highWatermark=0, lastStableOffset=0, logStartOffset=0, logEndOffset=0) with 1 segments, local-log-start-offset 0 and log-end-offset 0 in 8ms (20/101 completed in C:\tmp\kraft-combined-logs) (kafka.log.LogManager)
[2024-07-10 01:01:36,014] INFO [LogLoader partition=__consumer_offsets-26, dir=C:\tmp\kraft-combined-logs] Recovering unflushed segment 0. 0/1 recovered for __consumer_offsets-26. (kafka.log.LogLoader)
[2024-07-10 01:01:36,015] INFO [LogLoader partition=__consumer_offsets-26, dir=C:\tmp\kraft-combined-logs] Loading producer state till offset 0 with message format version 2 (kafka.log.UnifiedLog$)
[2024-07-10 01:01:36,015] INFO [LogLoader partition=__consumer_offsets-26, dir=C:\tmp\kraft-combined-logs] Reloading from producer snapshot and rebuilding producer state from offset 0 (kafka.log.UnifiedLog$)
[2024-07-10 01:01:36,015] INFO [LogLoader partition=__consumer_offsets-26, dir=C:\tmp\kraft-combined-logs] Producer state recovery took 0ms for snapshot load and 0ms for segment recovery from offset 0 (kafka.log.UnifiedLog$)
[2024-07-10 01:01:36,018] INFO [LogLoader partition=__consumer_offsets-26, dir=C:\tmp\kraft-combined-logs] Loading producer state till offset 0 with message format version 2 (kafka.log.UnifiedLog$)
[2024-07-10 01:01:36,018] INFO [LogLoader partition=__consumer_offsets-26, dir=C:\tmp\kraft-combined-logs] Reloading from producer snapshot and rebuilding producer state from offset 0 (kafka.log.UnifiedLog$)
[2024-07-10 01:01:36,018] INFO [LogLoader partition=__consumer_offsets-26, dir=C:\tmp\kraft-combined-logs] Producer state recovery took 0ms for snapshot load and 0ms for segment recovery from offset 0 (kafka.log.UnifiedLog$)
[2024-07-10 01:01:36,019] INFO Completed load of Log(dir=C:\tmp\kraft-combined-logs\__consumer_offsets-26, topicId=J4kQ0lo8Q72VayKSWp6DCQ, topic=__consumer_offsets, partition=26, highWatermark=0, lastStableOffset=0, logStartOffset=0, logEndOffset=0) with 1 segments, local-log-start-offset 0 and log-end-offset 0 in 7ms (21/101 completed in C:\tmp\kraft-combined-logs) (kafka.log.LogManager)
[2024-07-10 01:01:36,022] INFO [LogLoader partition=__consumer_offsets-27, dir=C:\tmp\kraft-combined-logs] Recovering unflushed segment 0. 0/1 recovered for __consumer_offsets-27. (kafka.log.LogLoader)
[2024-07-10 01:01:36,022] INFO [LogLoader partition=__consumer_offsets-27, dir=C:\tmp\kraft-combined-logs] Loading producer state till offset 0 with message format version 2 (kafka.log.UnifiedLog$)
[2024-07-10 01:01:36,022] INFO [LogLoader partition=__consumer_offsets-27, dir=C:\tmp\kraft-combined-logs] Reloading from producer snapshot and rebuilding producer state from offset 0 (kafka.log.UnifiedLog$)
[2024-07-10 01:01:36,022] INFO [LogLoader partition=__consumer_offsets-27, dir=C:\tmp\kraft-combined-logs] Producer state recovery took 0ms for snapshot load and 0ms for segment recovery from offset 0 (kafka.log.UnifiedLog$)
[2024-07-10 01:01:36,025] INFO [LogLoader partition=__consumer_offsets-27, dir=C:\tmp\kraft-combined-logs] Loading producer state till offset 0 with message format version 2 (kafka.log.UnifiedLog$)
[2024-07-10 01:01:36,026] INFO [LogLoader partition=__consumer_offsets-27, dir=C:\tmp\kraft-combined-logs] Reloading from producer snapshot and rebuilding producer state from offset 0 (kafka.log.UnifiedLog$)
[2024-07-10 01:01:36,026] INFO [LogLoader partition=__consumer_offsets-27, dir=C:\tmp\kraft-combined-logs] Producer state recovery took 0ms for snapshot load and 0ms for segment recovery from offset 0 (kafka.log.UnifiedLog$)
[2024-07-10 01:01:36,026] INFO Completed load of Log(dir=C:\tmp\kraft-combined-logs\__consumer_offsets-27, topicId=J4kQ0lo8Q72VayKSWp6DCQ, topic=__consumer_offsets, partition=27, highWatermark=0, lastStableOffset=0, logStartOffset=0, logEndOffset=0) with 1 segments, local-log-start-offset 0 and log-end-offset 0 in 7ms (22/101 completed in C:\tmp\kraft-combined-logs) (kafka.log.LogManager)
[2024-07-10 01:01:36,033] INFO [LogLoader partition=__consumer_offsets-28, dir=C:\tmp\kraft-combined-logs] Recovering unflushed segment 0. 0/1 recovered for __consumer_offsets-28. (kafka.log.LogLoader)
[2024-07-10 01:01:36,033] INFO [LogLoader partition=__consumer_offsets-28, dir=C:\tmp\kraft-combined-logs] Loading producer state till offset 0 with message format version 2 (kafka.log.UnifiedLog$)
[2024-07-10 01:01:36,033] INFO [LogLoader partition=__consumer_offsets-28, dir=C:\tmp\kraft-combined-logs] Reloading from producer snapshot and rebuilding producer state from offset 0 (kafka.log.UnifiedLog$)
[2024-07-10 01:01:36,033] INFO Deleted producer state snapshot C:\tmp\kraft-combined-logs\__consumer_offsets-28\00000000000000000003.snapshot (org.apache.kafka.storage.internals.log.SnapshotFile)
[2024-07-10 01:01:36,033] INFO [LogLoader partition=__consumer_offsets-28, dir=C:\tmp\kraft-combined-logs] Producer state recovery took 0ms for snapshot load and 0ms for segment recovery from offset 0 (kafka.log.UnifiedLog$)
[2024-07-10 01:01:36,037] INFO [ProducerStateManager partition=__consumer_offsets-28] Wrote producer snapshot at offset 3 with 0 producer ids in 2 ms. (org.apache.kafka.storage.internals.log.ProducerStateManager)
[2024-07-10 01:01:36,041] INFO [LogLoader partition=__consumer_offsets-28, dir=C:\tmp\kraft-combined-logs] Loading producer state till offset 3 with message format version 2 (kafka.log.UnifiedLog$)
[2024-07-10 01:01:36,041] INFO [LogLoader partition=__consumer_offsets-28, dir=C:\tmp\kraft-combined-logs] Reloading from producer snapshot and rebuilding producer state from offset 3 (kafka.log.UnifiedLog$)
[2024-07-10 01:01:36,041] INFO [ProducerStateManager partition=__consumer_offsets-28] Loading producer state from snapshot file 'SnapshotFile(offset=3, file=C:\tmp\kraft-combined-logs\__consumer_offsets-28\00000000000000000003.snapshot)' (org.apache.kafka.storage.internals.log.ProducerStateManager)
[2024-07-10 01:01:36,042] INFO [LogLoader partition=__consumer_offsets-28, dir=C:\tmp\kraft-combined-logs] Producer state recovery took 1ms for snapshot load and 0ms for segment recovery from offset 3 (kafka.log.UnifiedLog$)
[2024-07-10 01:01:36,043] INFO Completed load of Log(dir=C:\tmp\kraft-combined-logs\__consumer_offsets-28, topicId=J4kQ0lo8Q72VayKSWp6DCQ, topic=__consumer_offsets, partition=28, highWatermark=0, lastStableOffset=0, logStartOffset=0, logEndOffset=3) with 1 segments, local-log-start-offset 0 and log-end-offset 3 in 16ms (23/101 completed in C:\tmp\kraft-combined-logs) (kafka.log.LogManager)
[2024-07-10 01:01:36,049] INFO [LogLoader partition=__consumer_offsets-29, dir=C:\tmp\kraft-combined-logs] Recovering unflushed segment 0. 0/1 recovered for __consumer_offsets-29. (kafka.log.LogLoader)
[2024-07-10 01:01:36,050] INFO [LogLoader partition=__consumer_offsets-29, dir=C:\tmp\kraft-combined-logs] Loading producer state till offset 0 with message format version 2 (kafka.log.UnifiedLog$)
[2024-07-10 01:01:36,050] INFO [LogLoader partition=__consumer_offsets-29, dir=C:\tmp\kraft-combined-logs] Reloading from producer snapshot and rebuilding producer state from offset 0 (kafka.log.UnifiedLog$)
[2024-07-10 01:01:36,050] INFO Deleted producer state snapshot C:\tmp\kraft-combined-logs\__consumer_offsets-29\00000000000000000001.snapshot (org.apache.kafka.storage.internals.log.SnapshotFile)
[2024-07-10 01:01:36,050] INFO [LogLoader partition=__consumer_offsets-29, dir=C:\tmp\kraft-combined-logs] Producer state recovery took 0ms for snapshot load and 0ms for segment recovery from offset 0 (kafka.log.UnifiedLog$)
[2024-07-10 01:01:36,053] INFO [ProducerStateManager partition=__consumer_offsets-29] Wrote producer snapshot at offset 1 with 0 producer ids in 1 ms. (org.apache.kafka.storage.internals.log.ProducerStateManager)
[2024-07-10 01:01:36,055] INFO [LogLoader partition=__consumer_offsets-29, dir=C:\tmp\kraft-combined-logs] Loading producer state till offset 1 with message format version 2 (kafka.log.UnifiedLog$)
[2024-07-10 01:01:36,055] INFO [LogLoader partition=__consumer_offsets-29, dir=C:\tmp\kraft-combined-logs] Reloading from producer snapshot and rebuilding producer state from offset 1 (kafka.log.UnifiedLog$)
[2024-07-10 01:01:36,055] INFO [ProducerStateManager partition=__consumer_offsets-29] Loading producer state from snapshot file 'SnapshotFile(offset=1, file=C:\tmp\kraft-combined-logs\__consumer_offsets-29\00000000000000000001.snapshot)' (org.apache.kafka.storage.internals.log.ProducerStateManager)
[2024-07-10 01:01:36,056] INFO [LogLoader partition=__consumer_offsets-29, dir=C:\tmp\kraft-combined-logs] Producer state recovery took 1ms for snapshot load and 0ms for segment recovery from offset 1 (kafka.log.UnifiedLog$)
[2024-07-10 01:01:36,057] INFO Completed load of Log(dir=C:\tmp\kraft-combined-logs\__consumer_offsets-29, topicId=J4kQ0lo8Q72VayKSWp6DCQ, topic=__consumer_offsets, partition=29, highWatermark=0, lastStableOffset=0, logStartOffset=0, logEndOffset=1) with 1 segments, local-log-start-offset 0 and log-end-offset 1 in 15ms (24/101 completed in C:\tmp\kraft-combined-logs) (kafka.log.LogManager)
[2024-07-10 01:01:36,060] INFO [LogLoader partition=__consumer_offsets-3, dir=C:\tmp\kraft-combined-logs] Recovering unflushed segment 0. 0/1 recovered for __consumer_offsets-3. (kafka.log.LogLoader)
[2024-07-10 01:01:36,061] INFO [LogLoader partition=__consumer_offsets-3, dir=C:\tmp\kraft-combined-logs] Loading producer state till offset 0 with message format version 2 (kafka.log.UnifiedLog$)
[2024-07-10 01:01:36,061] INFO [LogLoader partition=__consumer_offsets-3, dir=C:\tmp\kraft-combined-logs] Reloading from producer snapshot and rebuilding producer state from offset 0 (kafka.log.UnifiedLog$)
[2024-07-10 01:01:36,061] INFO [LogLoader partition=__consumer_offsets-3, dir=C:\tmp\kraft-combined-logs] Producer state recovery took 0ms for snapshot load and 0ms for segment recovery from offset 0 (kafka.log.UnifiedLog$)
[2024-07-10 01:01:36,064] INFO [LogLoader partition=__consumer_offsets-3, dir=C:\tmp\kraft-combined-logs] Loading producer state till offset 0 with message format version 2 (kafka.log.UnifiedLog$)
[2024-07-10 01:01:36,064] INFO [LogLoader partition=__consumer_offsets-3, dir=C:\tmp\kraft-combined-logs] Reloading from producer snapshot and rebuilding producer state from offset 0 (kafka.log.UnifiedLog$)
[2024-07-10 01:01:36,064] INFO [LogLoader partition=__consumer_offsets-3, dir=C:\tmp\kraft-combined-logs] Producer state recovery took 0ms for snapshot load and 0ms for segment recovery from offset 0 (kafka.log.UnifiedLog$)
[2024-07-10 01:01:36,064] INFO Completed load of Log(dir=C:\tmp\kraft-combined-logs\__consumer_offsets-3, topicId=J4kQ0lo8Q72VayKSWp6DCQ, topic=__consumer_offsets, partition=3, highWatermark=0, lastStableOffset=0, logStartOffset=0, logEndOffset=0) with 1 segments, local-log-start-offset 0 and log-end-offset 0 in 7ms (25/101 completed in C:\tmp\kraft-combined-logs) (kafka.log.LogManager)
[2024-07-10 01:01:36,067] INFO [LogLoader partition=__consumer_offsets-30, dir=C:\tmp\kraft-combined-logs] Recovering unflushed segment 0. 0/1 recovered for __consumer_offsets-30. (kafka.log.LogLoader)
[2024-07-10 01:01:36,067] INFO [LogLoader partition=__consumer_offsets-30, dir=C:\tmp\kraft-combined-logs] Loading producer state till offset 0 with message format version 2 (kafka.log.UnifiedLog$)
[2024-07-10 01:01:36,067] INFO [LogLoader partition=__consumer_offsets-30, dir=C:\tmp\kraft-combined-logs] Reloading from producer snapshot and rebuilding producer state from offset 0 (kafka.log.UnifiedLog$)
[2024-07-10 01:01:36,067] INFO [LogLoader partition=__consumer_offsets-30, dir=C:\tmp\kraft-combined-logs] Producer state recovery took 0ms for snapshot load and 0ms for segment recovery from offset 0 (kafka.log.UnifiedLog$)
[2024-07-10 01:01:36,070] INFO [LogLoader partition=__consumer_offsets-30, dir=C:\tmp\kraft-combined-logs] Loading producer state till offset 0 with message format version 2 (kafka.log.UnifiedLog$)
[2024-07-10 01:01:36,070] INFO [LogLoader partition=__consumer_offsets-30, dir=C:\tmp\kraft-combined-logs] Reloading from producer snapshot and rebuilding producer state from offset 0 (kafka.log.UnifiedLog$)
[2024-07-10 01:01:36,070] INFO [LogLoader partition=__consumer_offsets-30, dir=C:\tmp\kraft-combined-logs] Producer state recovery took 0ms for snapshot load and 0ms for segment recovery from offset 0 (kafka.log.UnifiedLog$)
[2024-07-10 01:01:36,071] INFO Completed load of Log(dir=C:\tmp\kraft-combined-logs\__consumer_offsets-30, topicId=J4kQ0lo8Q72VayKSWp6DCQ, topic=__consumer_offsets, partition=30, highWatermark=0, lastStableOffset=0, logStartOffset=0, logEndOffset=0) with 1 segments, local-log-start-offset 0 and log-end-offset 0 in 6ms (26/101 completed in C:\tmp\kraft-combined-logs) (kafka.log.LogManager)
[2024-07-10 01:01:36,077] INFO [BrokerLifecycleManager id=1] Unable to register broker 1 because the controller returned error DUPLICATE_BROKER_REGISTRATION (kafka.server.BrokerLifecycleManager)
[2024-07-10 01:01:36,078] INFO [LogLoader partition=__consumer_offsets-31, dir=C:\tmp\kraft-combined-logs] Recovering unflushed segment 0. 0/1 recovered for __consumer_offsets-31. (kafka.log.LogLoader)
[2024-07-10 01:01:36,078] INFO [LogLoader partition=__consumer_offsets-31, dir=C:\tmp\kraft-combined-logs] Loading producer state till offset 0 with message format version 2 (kafka.log.UnifiedLog$)
[2024-07-10 01:01:36,079] INFO [LogLoader partition=__consumer_offsets-31, dir=C:\tmp\kraft-combined-logs] Reloading from producer snapshot and rebuilding producer state from offset 0 (kafka.log.UnifiedLog$)
[2024-07-10 01:01:36,079] INFO [LogLoader partition=__consumer_offsets-31, dir=C:\tmp\kraft-combined-logs] Producer state recovery took 0ms for snapshot load and 0ms for segment recovery from offset 0 (kafka.log.UnifiedLog$)
[2024-07-10 01:01:36,082] INFO [ProducerStateManager partition=__consumer_offsets-31] Wrote producer snapshot at offset 1 with 0 producer ids in 2 ms. (org.apache.kafka.storage.internals.log.ProducerStateManager)
[2024-07-10 01:01:36,084] INFO [LogLoader partition=__consumer_offsets-31, dir=C:\tmp\kraft-combined-logs] Loading producer state till offset 1 with message format version 2 (kafka.log.UnifiedLog$)
[2024-07-10 01:01:36,084] INFO [LogLoader partition=__consumer_offsets-31, dir=C:\tmp\kraft-combined-logs] Reloading from producer snapshot and rebuilding producer state from offset 1 (kafka.log.UnifiedLog$)
[2024-07-10 01:01:36,084] INFO [ProducerStateManager partition=__consumer_offsets-31] Loading producer state from snapshot file 'SnapshotFile(offset=1, file=C:\tmp\kraft-combined-logs\__consumer_offsets-31\00000000000000000001.snapshot)' (org.apache.kafka.storage.internals.log.ProducerStateManager)
[2024-07-10 01:01:36,084] INFO [LogLoader partition=__consumer_offsets-31, dir=C:\tmp\kraft-combined-logs] Producer state recovery took 0ms for snapshot load and 0ms for segment recovery from offset 1 (kafka.log.UnifiedLog$)
[2024-07-10 01:01:36,085] INFO Completed load of Log(dir=C:\tmp\kraft-combined-logs\__consumer_offsets-31, topicId=J4kQ0lo8Q72VayKSWp6DCQ, topic=__consumer_offsets, partition=31, highWatermark=0, lastStableOffset=0, logStartOffset=0, logEndOffset=1) with 1 segments, local-log-start-offset 0 and log-end-offset 1 in 15ms (27/101 completed in C:\tmp\kraft-combined-logs) (kafka.log.LogManager)
[2024-07-10 01:01:36,088] INFO [LogLoader partition=__consumer_offsets-32, dir=C:\tmp\kraft-combined-logs] Recovering unflushed segment 0. 0/1 recovered for __consumer_offsets-32. (kafka.log.LogLoader)
[2024-07-10 01:01:36,088] INFO [LogLoader partition=__consumer_offsets-32, dir=C:\tmp\kraft-combined-logs] Loading producer state till offset 0 with message format version 2 (kafka.log.UnifiedLog$)
[2024-07-10 01:01:36,088] INFO [LogLoader partition=__consumer_offsets-32, dir=C:\tmp\kraft-combined-logs] Reloading from producer snapshot and rebuilding producer state from offset 0 (kafka.log.UnifiedLog$)
[2024-07-10 01:01:36,088] INFO [LogLoader partition=__consumer_offsets-32, dir=C:\tmp\kraft-combined-logs] Producer state recovery took 0ms for snapshot load and 0ms for segment recovery from offset 0 (kafka.log.UnifiedLog$)
[2024-07-10 01:01:36,092] INFO [LogLoader partition=__consumer_offsets-32, dir=C:\tmp\kraft-combined-logs] Loading producer state till offset 0 with message format version 2 (kafka.log.UnifiedLog$)
[2024-07-10 01:01:36,092] INFO [LogLoader partition=__consumer_offsets-32, dir=C:\tmp\kraft-combined-logs] Reloading from producer snapshot and rebuilding producer state from offset 0 (kafka.log.UnifiedLog$)
[2024-07-10 01:01:36,092] INFO [LogLoader partition=__consumer_offsets-32, dir=C:\tmp\kraft-combined-logs] Producer state recovery took 0ms for snapshot load and 0ms for segment recovery from offset 0 (kafka.log.UnifiedLog$)
[2024-07-10 01:01:36,092] INFO Completed load of Log(dir=C:\tmp\kraft-combined-logs\__consumer_offsets-32, topicId=J4kQ0lo8Q72VayKSWp6DCQ, topic=__consumer_offsets, partition=32, highWatermark=0, lastStableOffset=0, logStartOffset=0, logEndOffset=0) with 1 segments, local-log-start-offset 0 and log-end-offset 0 in 7ms (28/101 completed in C:\tmp\kraft-combined-logs) (kafka.log.LogManager)
[2024-07-10 01:01:36,095] INFO [LogLoader partition=__consumer_offsets-33, dir=C:\tmp\kraft-combined-logs] Recovering unflushed segment 0. 0/1 recovered for __consumer_offsets-33. (kafka.log.LogLoader)
[2024-07-10 01:01:36,095] INFO [LogLoader partition=__consumer_offsets-33, dir=C:\tmp\kraft-combined-logs] Loading producer state till offset 0 with message format version 2 (kafka.log.UnifiedLog$)
[2024-07-10 01:01:36,095] INFO [LogLoader partition=__consumer_offsets-33, dir=C:\tmp\kraft-combined-logs] Reloading from producer snapshot and rebuilding producer state from offset 0 (kafka.log.UnifiedLog$)
[2024-07-10 01:01:36,096] INFO Deleted producer state snapshot C:\tmp\kraft-combined-logs\__consumer_offsets-33\00000000000000000003.snapshot (org.apache.kafka.storage.internals.log.SnapshotFile)
[2024-07-10 01:01:36,096] INFO [LogLoader partition=__consumer_offsets-33, dir=C:\tmp\kraft-combined-logs] Producer state recovery took 1ms for snapshot load and 0ms for segment recovery from offset 0 (kafka.log.UnifiedLog$)
[2024-07-10 01:01:36,098] INFO [ProducerStateManager partition=__consumer_offsets-33] Wrote producer snapshot at offset 3 with 0 producer ids in 1 ms. (org.apache.kafka.storage.internals.log.ProducerStateManager)
[2024-07-10 01:01:36,100] INFO [LogLoader partition=__consumer_offsets-33, dir=C:\tmp\kraft-combined-logs] Loading producer state till offset 3 with message format version 2 (kafka.log.UnifiedLog$)
[2024-07-10 01:01:36,101] INFO [LogLoader partition=__consumer_offsets-33, dir=C:\tmp\kraft-combined-logs] Reloading from producer snapshot and rebuilding producer state from offset 3 (kafka.log.UnifiedLog$)
[2024-07-10 01:01:36,101] INFO [ProducerStateManager partition=__consumer_offsets-33] Loading producer state from snapshot file 'SnapshotFile(offset=3, file=C:\tmp\kraft-combined-logs\__consumer_offsets-33\00000000000000000003.snapshot)' (org.apache.kafka.storage.internals.log.ProducerStateManager)
[2024-07-10 01:01:36,101] INFO [LogLoader partition=__consumer_offsets-33, dir=C:\tmp\kraft-combined-logs] Producer state recovery took 0ms for snapshot load and 0ms for segment recovery from offset 3 (kafka.log.UnifiedLog$)
[2024-07-10 01:01:36,102] INFO Completed load of Log(dir=C:\tmp\kraft-combined-logs\__consumer_offsets-33, topicId=J4kQ0lo8Q72VayKSWp6DCQ, topic=__consumer_offsets, partition=33, highWatermark=0, lastStableOffset=0, logStartOffset=0, logEndOffset=3) with 1 segments, local-log-start-offset 0 and log-end-offset 3 in 9ms (29/101 completed in C:\tmp\kraft-combined-logs) (kafka.log.LogManager)
[2024-07-10 01:01:36,104] INFO [LogLoader partition=__consumer_offsets-34, dir=C:\tmp\kraft-combined-logs] Recovering unflushed segment 0. 0/1 recovered for __consumer_offsets-34. (kafka.log.LogLoader)
[2024-07-10 01:01:36,105] INFO [LogLoader partition=__consumer_offsets-34, dir=C:\tmp\kraft-combined-logs] Loading producer state till offset 0 with message format version 2 (kafka.log.UnifiedLog$)
[2024-07-10 01:01:36,105] INFO [LogLoader partition=__consumer_offsets-34, dir=C:\tmp\kraft-combined-logs] Reloading from producer snapshot and rebuilding producer state from offset 0 (kafka.log.UnifiedLog$)
[2024-07-10 01:01:36,105] INFO [LogLoader partition=__consumer_offsets-34, dir=C:\tmp\kraft-combined-logs] Producer state recovery took 0ms for snapshot load and 0ms for segment recovery from offset 0 (kafka.log.UnifiedLog$)
[2024-07-10 01:01:36,108] INFO [LogLoader partition=__consumer_offsets-34, dir=C:\tmp\kraft-combined-logs] Loading producer state till offset 0 with message format version 2 (kafka.log.UnifiedLog$)
[2024-07-10 01:01:36,108] INFO [LogLoader partition=__consumer_offsets-34, dir=C:\tmp\kraft-combined-logs] Reloading from producer snapshot and rebuilding producer state from offset 0 (kafka.log.UnifiedLog$)
[2024-07-10 01:01:36,108] INFO [LogLoader partition=__consumer_offsets-34, dir=C:\tmp\kraft-combined-logs] Producer state recovery took 0ms for snapshot load and 0ms for segment recovery from offset 0 (kafka.log.UnifiedLog$)
[2024-07-10 01:01:36,109] INFO Completed load of Log(dir=C:\tmp\kraft-combined-logs\__consumer_offsets-34, topicId=J4kQ0lo8Q72VayKSWp6DCQ, topic=__consumer_offsets, partition=34, highWatermark=0, lastStableOffset=0, logStartOffset=0, logEndOffset=0) with 1 segments, local-log-start-offset 0 and log-end-offset 0 in 7ms (30/101 completed in C:\tmp\kraft-combined-logs) (kafka.log.LogManager)
[2024-07-10 01:01:36,112] INFO [LogLoader partition=__consumer_offsets-35, dir=C:\tmp\kraft-combined-logs] Recovering unflushed segment 0. 0/1 recovered for __consumer_offsets-35. (kafka.log.LogLoader)
[2024-07-10 01:01:36,112] INFO [LogLoader partition=__consumer_offsets-35, dir=C:\tmp\kraft-combined-logs] Loading producer state till offset 0 with message format version 2 (kafka.log.UnifiedLog$)
[2024-07-10 01:01:36,112] INFO [LogLoader partition=__consumer_offsets-35, dir=C:\tmp\kraft-combined-logs] Reloading from producer snapshot and rebuilding producer state from offset 0 (kafka.log.UnifiedLog$)
[2024-07-10 01:01:36,112] INFO [LogLoader partition=__consumer_offsets-35, dir=C:\tmp\kraft-combined-logs] Producer state recovery took 0ms for snapshot load and 0ms for segment recovery from offset 0 (kafka.log.UnifiedLog$)
[2024-07-10 01:01:36,115] INFO [LogLoader partition=__consumer_offsets-35, dir=C:\tmp\kraft-combined-logs] Loading producer state till offset 0 with message format version 2 (kafka.log.UnifiedLog$)
[2024-07-10 01:01:36,115] INFO [LogLoader partition=__consumer_offsets-35, dir=C:\tmp\kraft-combined-logs] Reloading from producer snapshot and rebuilding producer state from offset 0 (kafka.log.UnifiedLog$)
[2024-07-10 01:01:36,115] INFO [LogLoader partition=__consumer_offsets-35, dir=C:\tmp\kraft-combined-logs] Producer state recovery took 0ms for snapshot load and 0ms for segment recovery from offset 0 (kafka.log.UnifiedLog$)
[2024-07-10 01:01:36,116] INFO Completed load of Log(dir=C:\tmp\kraft-combined-logs\__consumer_offsets-35, topicId=J4kQ0lo8Q72VayKSWp6DCQ, topic=__consumer_offsets, partition=35, highWatermark=0, lastStableOffset=0, logStartOffset=0, logEndOffset=0) with 1 segments, local-log-start-offset 0 and log-end-offset 0 in 7ms (31/101 completed in C:\tmp\kraft-combined-logs) (kafka.log.LogManager)
[2024-07-10 01:01:36,119] INFO [LogLoader partition=__consumer_offsets-36, dir=C:\tmp\kraft-combined-logs] Recovering unflushed segment 0. 0/1 recovered for __consumer_offsets-36. (kafka.log.LogLoader)
[2024-07-10 01:01:36,119] INFO [LogLoader partition=__consumer_offsets-36, dir=C:\tmp\kraft-combined-logs] Loading producer state till offset 0 with message format version 2 (kafka.log.UnifiedLog$)
[2024-07-10 01:01:36,120] INFO [LogLoader partition=__consumer_offsets-36, dir=C:\tmp\kraft-combined-logs] Reloading from producer snapshot and rebuilding producer state from offset 0 (kafka.log.UnifiedLog$)
[2024-07-10 01:01:36,120] INFO [LogLoader partition=__consumer_offsets-36, dir=C:\tmp\kraft-combined-logs] Producer state recovery took 0ms for snapshot load and 0ms for segment recovery from offset 0 (kafka.log.UnifiedLog$)
[2024-07-10 01:01:36,122] INFO [LogLoader partition=__consumer_offsets-36, dir=C:\tmp\kraft-combined-logs] Loading producer state till offset 0 with message format version 2 (kafka.log.UnifiedLog$)
[2024-07-10 01:01:36,122] INFO [LogLoader partition=__consumer_offsets-36, dir=C:\tmp\kraft-combined-logs] Reloading from producer snapshot and rebuilding producer state from offset 0 (kafka.log.UnifiedLog$)
[2024-07-10 01:01:36,122] INFO [LogLoader partition=__consumer_offsets-36, dir=C:\tmp\kraft-combined-logs] Producer state recovery took 0ms for snapshot load and 0ms for segment recovery from offset 0 (kafka.log.UnifiedLog$)
[2024-07-10 01:01:36,123] INFO Completed load of Log(dir=C:\tmp\kraft-combined-logs\__consumer_offsets-36, topicId=J4kQ0lo8Q72VayKSWp6DCQ, topic=__consumer_offsets, partition=36, highWatermark=0, lastStableOffset=0, logStartOffset=0, logEndOffset=0) with 1 segments, local-log-start-offset 0 and log-end-offset 0 in 7ms (32/101 completed in C:\tmp\kraft-combined-logs) (kafka.log.LogManager)
[2024-07-10 01:01:36,129] INFO [LogLoader partition=__consumer_offsets-37, dir=C:\tmp\kraft-combined-logs] Recovering unflushed segment 0. 0/1 recovered for __consumer_offsets-37. (kafka.log.LogLoader)
[2024-07-10 01:01:36,130] INFO [LogLoader partition=__consumer_offsets-37, dir=C:\tmp\kraft-combined-logs] Loading producer state till offset 0 with message format version 2 (kafka.log.UnifiedLog$)
[2024-07-10 01:01:36,130] INFO [LogLoader partition=__consumer_offsets-37, dir=C:\tmp\kraft-combined-logs] Reloading from producer snapshot and rebuilding producer state from offset 0 (kafka.log.UnifiedLog$)
[2024-07-10 01:01:36,130] INFO Deleted producer state snapshot C:\tmp\kraft-combined-logs\__consumer_offsets-37\00000000000000000003.snapshot (org.apache.kafka.storage.internals.log.SnapshotFile)
[2024-07-10 01:01:36,130] INFO [LogLoader partition=__consumer_offsets-37, dir=C:\tmp\kraft-combined-logs] Producer state recovery took 0ms for snapshot load and 0ms for segment recovery from offset 0 (kafka.log.UnifiedLog$)
[2024-07-10 01:01:36,133] INFO [ProducerStateManager partition=__consumer_offsets-37] Wrote producer snapshot at offset 3 with 0 producer ids in 2 ms. (org.apache.kafka.storage.internals.log.ProducerStateManager)
[2024-07-10 01:01:36,136] INFO [LogLoader partition=__consumer_offsets-37, dir=C:\tmp\kraft-combined-logs] Loading producer state till offset 3 with message format version 2 (kafka.log.UnifiedLog$)
[2024-07-10 01:01:36,136] INFO [LogLoader partition=__consumer_offsets-37, dir=C:\tmp\kraft-combined-logs] Reloading from producer snapshot and rebuilding producer state from offset 3 (kafka.log.UnifiedLog$)
[2024-07-10 01:01:36,136] INFO [ProducerStateManager partition=__consumer_offsets-37] Loading producer state from snapshot file 'SnapshotFile(offset=3, file=C:\tmp\kraft-combined-logs\__consumer_offsets-37\00000000000000000003.snapshot)' (org.apache.kafka.storage.internals.log.ProducerStateManager)
[2024-07-10 01:01:36,137] INFO [LogLoader partition=__consumer_offsets-37, dir=C:\tmp\kraft-combined-logs] Producer state recovery took 1ms for snapshot load and 0ms for segment recovery from offset 3 (kafka.log.UnifiedLog$)
[2024-07-10 01:01:36,137] INFO Completed load of Log(dir=C:\tmp\kraft-combined-logs\__consumer_offsets-37, topicId=J4kQ0lo8Q72VayKSWp6DCQ, topic=__consumer_offsets, partition=37, highWatermark=0, lastStableOffset=0, logStartOffset=0, logEndOffset=3) with 1 segments, local-log-start-offset 0 and log-end-offset 3 in 15ms (33/101 completed in C:\tmp\kraft-combined-logs) (kafka.log.LogManager)
[2024-07-10 01:01:36,141] INFO [LogLoader partition=__consumer_offsets-38, dir=C:\tmp\kraft-combined-logs] Recovering unflushed segment 0. 0/1 recovered for __consumer_offsets-38. (kafka.log.LogLoader)
[2024-07-10 01:01:36,142] INFO [LogLoader partition=__consumer_offsets-38, dir=C:\tmp\kraft-combined-logs] Loading producer state till offset 0 with message format version 2 (kafka.log.UnifiedLog$)
[2024-07-10 01:01:36,142] INFO [LogLoader partition=__consumer_offsets-38, dir=C:\tmp\kraft-combined-logs] Reloading from producer snapshot and rebuilding producer state from offset 0 (kafka.log.UnifiedLog$)
[2024-07-10 01:01:36,142] INFO [LogLoader partition=__consumer_offsets-38, dir=C:\tmp\kraft-combined-logs] Producer state recovery took 0ms for snapshot load and 0ms for segment recovery from offset 0 (kafka.log.UnifiedLog$)
[2024-07-10 01:01:36,144] INFO [LogLoader partition=__consumer_offsets-38, dir=C:\tmp\kraft-combined-logs] Loading producer state till offset 0 with message format version 2 (kafka.log.UnifiedLog$)
[2024-07-10 01:01:36,144] INFO [LogLoader partition=__consumer_offsets-38, dir=C:\tmp\kraft-combined-logs] Reloading from producer snapshot and rebuilding producer state from offset 0 (kafka.log.UnifiedLog$)
[2024-07-10 01:01:36,144] INFO [LogLoader partition=__consumer_offsets-38, dir=C:\tmp\kraft-combined-logs] Producer state recovery took 0ms for snapshot load and 0ms for segment recovery from offset 0 (kafka.log.UnifiedLog$)
[2024-07-10 01:01:36,145] INFO Completed load of Log(dir=C:\tmp\kraft-combined-logs\__consumer_offsets-38, topicId=J4kQ0lo8Q72VayKSWp6DCQ, topic=__consumer_offsets, partition=38, highWatermark=0, lastStableOffset=0, logStartOffset=0, logEndOffset=0) with 1 segments, local-log-start-offset 0 and log-end-offset 0 in 7ms (34/101 completed in C:\tmp\kraft-combined-logs) (kafka.log.LogManager)
[2024-07-10 01:01:36,147] INFO [LogLoader partition=__consumer_offsets-39, dir=C:\tmp\kraft-combined-logs] Recovering unflushed segment 0. 0/1 recovered for __consumer_offsets-39. (kafka.log.LogLoader)
[2024-07-10 01:01:36,148] INFO [LogLoader partition=__consumer_offsets-39, dir=C:\tmp\kraft-combined-logs] Loading producer state till offset 0 with message format version 2 (kafka.log.UnifiedLog$)
[2024-07-10 01:01:36,148] INFO [LogLoader partition=__consumer_offsets-39, dir=C:\tmp\kraft-combined-logs] Reloading from producer snapshot and rebuilding producer state from offset 0 (kafka.log.UnifiedLog$)
[2024-07-10 01:01:36,148] INFO [LogLoader partition=__consumer_offsets-39, dir=C:\tmp\kraft-combined-logs] Producer state recovery took 0ms for snapshot load and 0ms for segment recovery from offset 0 (kafka.log.UnifiedLog$)
[2024-07-10 01:01:36,151] INFO [LogLoader partition=__consumer_offsets-39, dir=C:\tmp\kraft-combined-logs] Loading producer state till offset 0 with message format version 2 (kafka.log.UnifiedLog$)
[2024-07-10 01:01:36,151] INFO [LogLoader partition=__consumer_offsets-39, dir=C:\tmp\kraft-combined-logs] Reloading from producer snapshot and rebuilding producer state from offset 0 (kafka.log.UnifiedLog$)
[2024-07-10 01:01:36,151] INFO [LogLoader partition=__consumer_offsets-39, dir=C:\tmp\kraft-combined-logs] Producer state recovery took 0ms for snapshot load and 0ms for segment recovery from offset 0 (kafka.log.UnifiedLog$)
[2024-07-10 01:01:36,151] INFO Completed load of Log(dir=C:\tmp\kraft-combined-logs\__consumer_offsets-39, topicId=J4kQ0lo8Q72VayKSWp6DCQ, topic=__consumer_offsets, partition=39, highWatermark=0, lastStableOffset=0, logStartOffset=0, logEndOffset=0) with 1 segments, local-log-start-offset 0 and log-end-offset 0 in 6ms (35/101 completed in C:\tmp\kraft-combined-logs) (kafka.log.LogManager)
[2024-07-10 01:01:36,154] INFO [LogLoader partition=__consumer_offsets-4, dir=C:\tmp\kraft-combined-logs] Recovering unflushed segment 0. 0/1 recovered for __consumer_offsets-4. (kafka.log.LogLoader)
[2024-07-10 01:01:36,154] INFO [LogLoader partition=__consumer_offsets-4, dir=C:\tmp\kraft-combined-logs] Loading producer state till offset 0 with message format version 2 (kafka.log.UnifiedLog$)
[2024-07-10 01:01:36,154] INFO [LogLoader partition=__consumer_offsets-4, dir=C:\tmp\kraft-combined-logs] Reloading from producer snapshot and rebuilding producer state from offset 0 (kafka.log.UnifiedLog$)
[2024-07-10 01:01:36,155] INFO [LogLoader partition=__consumer_offsets-4, dir=C:\tmp\kraft-combined-logs] Producer state recovery took 0ms for snapshot load and 0ms for segment recovery from offset 0 (kafka.log.UnifiedLog$)
[2024-07-10 01:01:36,158] INFO [LogLoader partition=__consumer_offsets-4, dir=C:\tmp\kraft-combined-logs] Loading producer state till offset 0 with message format version 2 (kafka.log.UnifiedLog$)
[2024-07-10 01:01:36,158] INFO [LogLoader partition=__consumer_offsets-4, dir=C:\tmp\kraft-combined-logs] Reloading from producer snapshot and rebuilding producer state from offset 0 (kafka.log.UnifiedLog$)
[2024-07-10 01:01:36,158] INFO [LogLoader partition=__consumer_offsets-4, dir=C:\tmp\kraft-combined-logs] Producer state recovery took 0ms for snapshot load and 0ms for segment recovery from offset 0 (kafka.log.UnifiedLog$)
[2024-07-10 01:01:36,158] INFO Completed load of Log(dir=C:\tmp\kraft-combined-logs\__consumer_offsets-4, topicId=J4kQ0lo8Q72VayKSWp6DCQ, topic=__consumer_offsets, partition=4, highWatermark=0, lastStableOffset=0, logStartOffset=0, logEndOffset=0) with 1 segments, local-log-start-offset 0 and log-end-offset 0 in 7ms (36/101 completed in C:\tmp\kraft-combined-logs) (kafka.log.LogManager)
[2024-07-10 01:01:36,161] INFO [LogLoader partition=__consumer_offsets-40, dir=C:\tmp\kraft-combined-logs] Recovering unflushed segment 0. 0/1 recovered for __consumer_offsets-40. (kafka.log.LogLoader)
[2024-07-10 01:01:36,161] INFO [LogLoader partition=__consumer_offsets-40, dir=C:\tmp\kraft-combined-logs] Loading producer state till offset 0 with message format version 2 (kafka.log.UnifiedLog$)
[2024-07-10 01:01:36,161] INFO [LogLoader partition=__consumer_offsets-40, dir=C:\tmp\kraft-combined-logs] Reloading from producer snapshot and rebuilding producer state from offset 0 (kafka.log.UnifiedLog$)
[2024-07-10 01:01:36,161] INFO [LogLoader partition=__consumer_offsets-40, dir=C:\tmp\kraft-combined-logs] Producer state recovery took 0ms for snapshot load and 0ms for segment recovery from offset 0 (kafka.log.UnifiedLog$)
[2024-07-10 01:01:36,164] INFO [LogLoader partition=__consumer_offsets-40, dir=C:\tmp\kraft-combined-logs] Loading producer state till offset 0 with message format version 2 (kafka.log.UnifiedLog$)
[2024-07-10 01:01:36,164] INFO [LogLoader partition=__consumer_offsets-40, dir=C:\tmp\kraft-combined-logs] Reloading from producer snapshot and rebuilding producer state from offset 0 (kafka.log.UnifiedLog$)
[2024-07-10 01:01:36,164] INFO [LogLoader partition=__consumer_offsets-40, dir=C:\tmp\kraft-combined-logs] Producer state recovery took 0ms for snapshot load and 0ms for segment recovery from offset 0 (kafka.log.UnifiedLog$)
[2024-07-10 01:01:36,165] INFO Completed load of Log(dir=C:\tmp\kraft-combined-logs\__consumer_offsets-40, topicId=J4kQ0lo8Q72VayKSWp6DCQ, topic=__consumer_offsets, partition=40, highWatermark=0, lastStableOffset=0, logStartOffset=0, logEndOffset=0) with 1 segments, local-log-start-offset 0 and log-end-offset 0 in 7ms (37/101 completed in C:\tmp\kraft-combined-logs) (kafka.log.LogManager)
[2024-07-10 01:01:36,171] INFO [LogLoader partition=__consumer_offsets-41, dir=C:\tmp\kraft-combined-logs] Recovering unflushed segment 0. 0/1 recovered for __consumer_offsets-41. (kafka.log.LogLoader)
[2024-07-10 01:01:36,172] INFO [LogLoader partition=__consumer_offsets-41, dir=C:\tmp\kraft-combined-logs] Loading producer state till offset 0 with message format version 2 (kafka.log.UnifiedLog$)
[2024-07-10 01:01:36,172] INFO [LogLoader partition=__consumer_offsets-41, dir=C:\tmp\kraft-combined-logs] Reloading from producer snapshot and rebuilding producer state from offset 0 (kafka.log.UnifiedLog$)
[2024-07-10 01:01:36,172] INFO Deleted producer state snapshot C:\tmp\kraft-combined-logs\__consumer_offsets-41\00000000000000000003.snapshot (org.apache.kafka.storage.internals.log.SnapshotFile)
[2024-07-10 01:01:36,172] INFO [LogLoader partition=__consumer_offsets-41, dir=C:\tmp\kraft-combined-logs] Producer state recovery took 0ms for snapshot load and 0ms for segment recovery from offset 0 (kafka.log.UnifiedLog$)
[2024-07-10 01:01:36,176] INFO [ProducerStateManager partition=__consumer_offsets-41] Wrote producer snapshot at offset 3 with 0 producer ids in 2 ms. (org.apache.kafka.storage.internals.log.ProducerStateManager)
[2024-07-10 01:01:36,178] INFO [LogLoader partition=__consumer_offsets-41, dir=C:\tmp\kraft-combined-logs] Loading producer state till offset 3 with message format version 2 (kafka.log.UnifiedLog$)
[2024-07-10 01:01:36,178] INFO [LogLoader partition=__consumer_offsets-41, dir=C:\tmp\kraft-combined-logs] Reloading from producer snapshot and rebuilding producer state from offset 3 (kafka.log.UnifiedLog$)
[2024-07-10 01:01:36,178] INFO [ProducerStateManager partition=__consumer_offsets-41] Loading producer state from snapshot file 'SnapshotFile(offset=3, file=C:\tmp\kraft-combined-logs\__consumer_offsets-41\00000000000000000003.snapshot)' (org.apache.kafka.storage.internals.log.ProducerStateManager)
[2024-07-10 01:01:36,179] INFO [LogLoader partition=__consumer_offsets-41, dir=C:\tmp\kraft-combined-logs] Producer state recovery took 1ms for snapshot load and 0ms for segment recovery from offset 3 (kafka.log.UnifiedLog$)
[2024-07-10 01:01:36,180] INFO Completed load of Log(dir=C:\tmp\kraft-combined-logs\__consumer_offsets-41, topicId=J4kQ0lo8Q72VayKSWp6DCQ, topic=__consumer_offsets, partition=41, highWatermark=0, lastStableOffset=0, logStartOffset=0, logEndOffset=3) with 1 segments, local-log-start-offset 0 and log-end-offset 3 in 15ms (38/101 completed in C:\tmp\kraft-combined-logs) (kafka.log.LogManager)
[2024-07-10 01:01:36,183] INFO [LogLoader partition=__consumer_offsets-42, dir=C:\tmp\kraft-combined-logs] Recovering unflushed segment 0. 0/1 recovered for __consumer_offsets-42. (kafka.log.LogLoader)
[2024-07-10 01:01:36,183] INFO [LogLoader partition=__consumer_offsets-42, dir=C:\tmp\kraft-combined-logs] Loading producer state till offset 0 with message format version 2 (kafka.log.UnifiedLog$)
[2024-07-10 01:01:36,183] INFO [LogLoader partition=__consumer_offsets-42, dir=C:\tmp\kraft-combined-logs] Reloading from producer snapshot and rebuilding producer state from offset 0 (kafka.log.UnifiedLog$)
[2024-07-10 01:01:36,183] INFO [LogLoader partition=__consumer_offsets-42, dir=C:\tmp\kraft-combined-logs] Producer state recovery took 0ms for snapshot load and 0ms for segment recovery from offset 0 (kafka.log.UnifiedLog$)
[2024-07-10 01:01:36,186] INFO [LogLoader partition=__consumer_offsets-42, dir=C:\tmp\kraft-combined-logs] Loading producer state till offset 0 with message format version 2 (kafka.log.UnifiedLog$)
[2024-07-10 01:01:36,186] INFO [LogLoader partition=__consumer_offsets-42, dir=C:\tmp\kraft-combined-logs] Reloading from producer snapshot and rebuilding producer state from offset 0 (kafka.log.UnifiedLog$)
[2024-07-10 01:01:36,186] INFO [LogLoader partition=__consumer_offsets-42, dir=C:\tmp\kraft-combined-logs] Producer state recovery took 0ms for snapshot load and 0ms for segment recovery from offset 0 (kafka.log.UnifiedLog$)
[2024-07-10 01:01:36,187] INFO Completed load of Log(dir=C:\tmp\kraft-combined-logs\__consumer_offsets-42, topicId=J4kQ0lo8Q72VayKSWp6DCQ, topic=__consumer_offsets, partition=42, highWatermark=0, lastStableOffset=0, logStartOffset=0, logEndOffset=0) with 1 segments, local-log-start-offset 0 and log-end-offset 0 in 7ms (39/101 completed in C:\tmp\kraft-combined-logs) (kafka.log.LogManager)
[2024-07-10 01:01:36,189] INFO [LogLoader partition=__consumer_offsets-43, dir=C:\tmp\kraft-combined-logs] Recovering unflushed segment 0. 0/1 recovered for __consumer_offsets-43. (kafka.log.LogLoader)
[2024-07-10 01:01:36,190] INFO [LogLoader partition=__consumer_offsets-43, dir=C:\tmp\kraft-combined-logs] Loading producer state till offset 0 with message format version 2 (kafka.log.UnifiedLog$)
[2024-07-10 01:01:36,190] INFO [LogLoader partition=__consumer_offsets-43, dir=C:\tmp\kraft-combined-logs] Reloading from producer snapshot and rebuilding producer state from offset 0 (kafka.log.UnifiedLog$)
[2024-07-10 01:01:36,190] INFO [LogLoader partition=__consumer_offsets-43, dir=C:\tmp\kraft-combined-logs] Producer state recovery took 0ms for snapshot load and 0ms for segment recovery from offset 0 (kafka.log.UnifiedLog$)
[2024-07-10 01:01:36,193] INFO [LogLoader partition=__consumer_offsets-43, dir=C:\tmp\kraft-combined-logs] Loading producer state till offset 0 with message format version 2 (kafka.log.UnifiedLog$)
[2024-07-10 01:01:36,193] INFO [LogLoader partition=__consumer_offsets-43, dir=C:\tmp\kraft-combined-logs] Reloading from producer snapshot and rebuilding producer state from offset 0 (kafka.log.UnifiedLog$)
[2024-07-10 01:01:36,193] INFO [LogLoader partition=__consumer_offsets-43, dir=C:\tmp\kraft-combined-logs] Producer state recovery took 0ms for snapshot load and 0ms for segment recovery from offset 0 (kafka.log.UnifiedLog$)
[2024-07-10 01:01:36,193] INFO Completed load of Log(dir=C:\tmp\kraft-combined-logs\__consumer_offsets-43, topicId=J4kQ0lo8Q72VayKSWp6DCQ, topic=__consumer_offsets, partition=43, highWatermark=0, lastStableOffset=0, logStartOffset=0, logEndOffset=0) with 1 segments, local-log-start-offset 0 and log-end-offset 0 in 7ms (40/101 completed in C:\tmp\kraft-combined-logs) (kafka.log.LogManager)
[2024-07-10 01:01:36,196] INFO [LogLoader partition=__consumer_offsets-44, dir=C:\tmp\kraft-combined-logs] Recovering unflushed segment 0. 0/1 recovered for __consumer_offsets-44. (kafka.log.LogLoader)
[2024-07-10 01:01:36,196] INFO [LogLoader partition=__consumer_offsets-44, dir=C:\tmp\kraft-combined-logs] Loading producer state till offset 0 with message format version 2 (kafka.log.UnifiedLog$)
[2024-07-10 01:01:36,196] INFO [LogLoader partition=__consumer_offsets-44, dir=C:\tmp\kraft-combined-logs] Reloading from producer snapshot and rebuilding producer state from offset 0 (kafka.log.UnifiedLog$)
[2024-07-10 01:01:36,196] INFO [LogLoader partition=__consumer_offsets-44, dir=C:\tmp\kraft-combined-logs] Producer state recovery took 0ms for snapshot load and 0ms for segment recovery from offset 0 (kafka.log.UnifiedLog$)
[2024-07-10 01:01:36,200] INFO [LogLoader partition=__consumer_offsets-44, dir=C:\tmp\kraft-combined-logs] Loading producer state till offset 0 with message format version 2 (kafka.log.UnifiedLog$)
[2024-07-10 01:01:36,200] INFO [LogLoader partition=__consumer_offsets-44, dir=C:\tmp\kraft-combined-logs] Reloading from producer snapshot and rebuilding producer state from offset 0 (kafka.log.UnifiedLog$)
[2024-07-10 01:01:36,200] INFO [LogLoader partition=__consumer_offsets-44, dir=C:\tmp\kraft-combined-logs] Producer state recovery took 0ms for snapshot load and 0ms for segment recovery from offset 0 (kafka.log.UnifiedLog$)
[2024-07-10 01:01:36,201] INFO Completed load of Log(dir=C:\tmp\kraft-combined-logs\__consumer_offsets-44, topicId=J4kQ0lo8Q72VayKSWp6DCQ, topic=__consumer_offsets, partition=44, highWatermark=0, lastStableOffset=0, logStartOffset=0, logEndOffset=0) with 1 segments, local-log-start-offset 0 and log-end-offset 0 in 7ms (41/101 completed in C:\tmp\kraft-combined-logs) (kafka.log.LogManager)
[2024-07-10 01:01:36,204] INFO [LogLoader partition=__consumer_offsets-45, dir=C:\tmp\kraft-combined-logs] Recovering unflushed segment 0. 0/1 recovered for __consumer_offsets-45. (kafka.log.LogLoader)
[2024-07-10 01:01:36,204] INFO [LogLoader partition=__consumer_offsets-45, dir=C:\tmp\kraft-combined-logs] Loading producer state till offset 0 with message format version 2 (kafka.log.UnifiedLog$)
[2024-07-10 01:01:36,204] INFO [LogLoader partition=__consumer_offsets-45, dir=C:\tmp\kraft-combined-logs] Reloading from producer snapshot and rebuilding producer state from offset 0 (kafka.log.UnifiedLog$)
[2024-07-10 01:01:36,204] INFO [LogLoader partition=__consumer_offsets-45, dir=C:\tmp\kraft-combined-logs] Producer state recovery took 0ms for snapshot load and 0ms for segment recovery from offset 0 (kafka.log.UnifiedLog$)
[2024-07-10 01:01:36,208] INFO [LogLoader partition=__consumer_offsets-45, dir=C:\tmp\kraft-combined-logs] Loading producer state till offset 0 with message format version 2 (kafka.log.UnifiedLog$)
[2024-07-10 01:01:36,208] INFO [LogLoader partition=__consumer_offsets-45, dir=C:\tmp\kraft-combined-logs] Reloading from producer snapshot and rebuilding producer state from offset 0 (kafka.log.UnifiedLog$)
[2024-07-10 01:01:36,208] INFO [LogLoader partition=__consumer_offsets-45, dir=C:\tmp\kraft-combined-logs] Producer state recovery took 0ms for snapshot load and 0ms for segment recovery from offset 0 (kafka.log.UnifiedLog$)
[2024-07-10 01:01:36,209] INFO Completed load of Log(dir=C:\tmp\kraft-combined-logs\__consumer_offsets-45, topicId=J4kQ0lo8Q72VayKSWp6DCQ, topic=__consumer_offsets, partition=45, highWatermark=0, lastStableOffset=0, logStartOffset=0, logEndOffset=0) with 1 segments, local-log-start-offset 0 and log-end-offset 0 in 8ms (42/101 completed in C:\tmp\kraft-combined-logs) (kafka.log.LogManager)
[2024-07-10 01:01:36,212] INFO [LogLoader partition=__consumer_offsets-46, dir=C:\tmp\kraft-combined-logs] Recovering unflushed segment 0. 0/1 recovered for __consumer_offsets-46. (kafka.log.LogLoader)
[2024-07-10 01:01:36,212] INFO [LogLoader partition=__consumer_offsets-46, dir=C:\tmp\kraft-combined-logs] Loading producer state till offset 0 with message format version 2 (kafka.log.UnifiedLog$)
[2024-07-10 01:01:36,213] INFO [LogLoader partition=__consumer_offsets-46, dir=C:\tmp\kraft-combined-logs] Reloading from producer snapshot and rebuilding producer state from offset 0 (kafka.log.UnifiedLog$)
[2024-07-10 01:01:36,213] INFO [LogLoader partition=__consumer_offsets-46, dir=C:\tmp\kraft-combined-logs] Producer state recovery took 0ms for snapshot load and 0ms for segment recovery from offset 0 (kafka.log.UnifiedLog$)
[2024-07-10 01:01:36,216] INFO [LogLoader partition=__consumer_offsets-46, dir=C:\tmp\kraft-combined-logs] Loading producer state till offset 0 with message format version 2 (kafka.log.UnifiedLog$)
[2024-07-10 01:01:36,216] INFO [LogLoader partition=__consumer_offsets-46, dir=C:\tmp\kraft-combined-logs] Reloading from producer snapshot and rebuilding producer state from offset 0 (kafka.log.UnifiedLog$)
[2024-07-10 01:01:36,216] INFO [LogLoader partition=__consumer_offsets-46, dir=C:\tmp\kraft-combined-logs] Producer state recovery took 0ms for snapshot load and 0ms for segment recovery from offset 0 (kafka.log.UnifiedLog$)
[2024-07-10 01:01:36,217] INFO Completed load of Log(dir=C:\tmp\kraft-combined-logs\__consumer_offsets-46, topicId=J4kQ0lo8Q72VayKSWp6DCQ, topic=__consumer_offsets, partition=46, highWatermark=0, lastStableOffset=0, logStartOffset=0, logEndOffset=0) with 1 segments, local-log-start-offset 0 and log-end-offset 0 in 8ms (43/101 completed in C:\tmp\kraft-combined-logs) (kafka.log.LogManager)
[2024-07-10 01:01:36,220] INFO [LogLoader partition=__consumer_offsets-47, dir=C:\tmp\kraft-combined-logs] Recovering unflushed segment 0. 0/1 recovered for __consumer_offsets-47. (kafka.log.LogLoader)
[2024-07-10 01:01:36,221] INFO [LogLoader partition=__consumer_offsets-47, dir=C:\tmp\kraft-combined-logs] Loading producer state till offset 0 with message format version 2 (kafka.log.UnifiedLog$)
[2024-07-10 01:01:36,221] INFO [LogLoader partition=__consumer_offsets-47, dir=C:\tmp\kraft-combined-logs] Reloading from producer snapshot and rebuilding producer state from offset 0 (kafka.log.UnifiedLog$)
[2024-07-10 01:01:36,221] INFO [LogLoader partition=__consumer_offsets-47, dir=C:\tmp\kraft-combined-logs] Producer state recovery took 0ms for snapshot load and 0ms for segment recovery from offset 0 (kafka.log.UnifiedLog$)
[2024-07-10 01:01:36,223] INFO [LogLoader partition=__consumer_offsets-47, dir=C:\tmp\kraft-combined-logs] Loading producer state till offset 0 with message format version 2 (kafka.log.UnifiedLog$)
[2024-07-10 01:01:36,224] INFO [LogLoader partition=__consumer_offsets-47, dir=C:\tmp\kraft-combined-logs] Reloading from producer snapshot and rebuilding producer state from offset 0 (kafka.log.UnifiedLog$)
[2024-07-10 01:01:36,224] INFO [LogLoader partition=__consumer_offsets-47, dir=C:\tmp\kraft-combined-logs] Producer state recovery took 0ms for snapshot load and 0ms for segment recovery from offset 0 (kafka.log.UnifiedLog$)
[2024-07-10 01:01:36,224] INFO Completed load of Log(dir=C:\tmp\kraft-combined-logs\__consumer_offsets-47, topicId=J4kQ0lo8Q72VayKSWp6DCQ, topic=__consumer_offsets, partition=47, highWatermark=0, lastStableOffset=0, logStartOffset=0, logEndOffset=0) with 1 segments, local-log-start-offset 0 and log-end-offset 0 in 7ms (44/101 completed in C:\tmp\kraft-combined-logs) (kafka.log.LogManager)
[2024-07-10 01:01:36,227] INFO [LogLoader partition=__consumer_offsets-48, dir=C:\tmp\kraft-combined-logs] Recovering unflushed segment 0. 0/1 recovered for __consumer_offsets-48. (kafka.log.LogLoader)
[2024-07-10 01:01:36,227] INFO [LogLoader partition=__consumer_offsets-48, dir=C:\tmp\kraft-combined-logs] Loading producer state till offset 0 with message format version 2 (kafka.log.UnifiedLog$)
[2024-07-10 01:01:36,227] INFO [LogLoader partition=__consumer_offsets-48, dir=C:\tmp\kraft-combined-logs] Reloading from producer snapshot and rebuilding producer state from offset 0 (kafka.log.UnifiedLog$)
[2024-07-10 01:01:36,227] INFO [LogLoader partition=__consumer_offsets-48, dir=C:\tmp\kraft-combined-logs] Producer state recovery took 0ms for snapshot load and 0ms for segment recovery from offset 0 (kafka.log.UnifiedLog$)
[2024-07-10 01:01:36,230] INFO [LogLoader partition=__consumer_offsets-48, dir=C:\tmp\kraft-combined-logs] Loading producer state till offset 0 with message format version 2 (kafka.log.UnifiedLog$)
[2024-07-10 01:01:36,230] INFO [LogLoader partition=__consumer_offsets-48, dir=C:\tmp\kraft-combined-logs] Reloading from producer snapshot and rebuilding producer state from offset 0 (kafka.log.UnifiedLog$)
[2024-07-10 01:01:36,230] INFO [LogLoader partition=__consumer_offsets-48, dir=C:\tmp\kraft-combined-logs] Producer state recovery took 0ms for snapshot load and 0ms for segment recovery from offset 0 (kafka.log.UnifiedLog$)
[2024-07-10 01:01:36,230] INFO Completed load of Log(dir=C:\tmp\kraft-combined-logs\__consumer_offsets-48, topicId=J4kQ0lo8Q72VayKSWp6DCQ, topic=__consumer_offsets, partition=48, highWatermark=0, lastStableOffset=0, logStartOffset=0, logEndOffset=0) with 1 segments, local-log-start-offset 0 and log-end-offset 0 in 6ms (45/101 completed in C:\tmp\kraft-combined-logs) (kafka.log.LogManager)
[2024-07-10 01:01:36,233] INFO [LogLoader partition=__consumer_offsets-49, dir=C:\tmp\kraft-combined-logs] Recovering unflushed segment 0. 0/1 recovered for __consumer_offsets-49. (kafka.log.LogLoader)
[2024-07-10 01:01:36,234] INFO [LogLoader partition=__consumer_offsets-49, dir=C:\tmp\kraft-combined-logs] Loading producer state till offset 0 with message format version 2 (kafka.log.UnifiedLog$)
[2024-07-10 01:01:36,234] INFO [LogLoader partition=__consumer_offsets-49, dir=C:\tmp\kraft-combined-logs] Reloading from producer snapshot and rebuilding producer state from offset 0 (kafka.log.UnifiedLog$)
[2024-07-10 01:01:36,234] INFO [LogLoader partition=__consumer_offsets-49, dir=C:\tmp\kraft-combined-logs] Producer state recovery took 0ms for snapshot load and 0ms for segment recovery from offset 0 (kafka.log.UnifiedLog$)
[2024-07-10 01:01:36,237] INFO [LogLoader partition=__consumer_offsets-49, dir=C:\tmp\kraft-combined-logs] Loading producer state till offset 0 with message format version 2 (kafka.log.UnifiedLog$)
[2024-07-10 01:01:36,237] INFO [LogLoader partition=__consumer_offsets-49, dir=C:\tmp\kraft-combined-logs] Reloading from producer snapshot and rebuilding producer state from offset 0 (kafka.log.UnifiedLog$)
[2024-07-10 01:01:36,237] INFO [LogLoader partition=__consumer_offsets-49, dir=C:\tmp\kraft-combined-logs] Producer state recovery took 0ms for snapshot load and 0ms for segment recovery from offset 0 (kafka.log.UnifiedLog$)
[2024-07-10 01:01:36,237] INFO Completed load of Log(dir=C:\tmp\kraft-combined-logs\__consumer_offsets-49, topicId=J4kQ0lo8Q72VayKSWp6DCQ, topic=__consumer_offsets, partition=49, highWatermark=0, lastStableOffset=0, logStartOffset=0, logEndOffset=0) with 1 segments, local-log-start-offset 0 and log-end-offset 0 in 7ms (46/101 completed in C:\tmp\kraft-combined-logs) (kafka.log.LogManager)
[2024-07-10 01:01:36,240] INFO [LogLoader partition=__consumer_offsets-5, dir=C:\tmp\kraft-combined-logs] Recovering unflushed segment 0. 0/1 recovered for __consumer_offsets-5. (kafka.log.LogLoader)
[2024-07-10 01:01:36,240] INFO [LogLoader partition=__consumer_offsets-5, dir=C:\tmp\kraft-combined-logs] Loading producer state till offset 0 with message format version 2 (kafka.log.UnifiedLog$)
[2024-07-10 01:01:36,240] INFO [LogLoader partition=__consumer_offsets-5, dir=C:\tmp\kraft-combined-logs] Reloading from producer snapshot and rebuilding producer state from offset 0 (kafka.log.UnifiedLog$)
[2024-07-10 01:01:36,240] INFO [LogLoader partition=__consumer_offsets-5, dir=C:\tmp\kraft-combined-logs] Producer state recovery took 0ms for snapshot load and 0ms for segment recovery from offset 0 (kafka.log.UnifiedLog$)
[2024-07-10 01:01:36,243] INFO [LogLoader partition=__consumer_offsets-5, dir=C:\tmp\kraft-combined-logs] Loading producer state till offset 0 with message format version 2 (kafka.log.UnifiedLog$)
[2024-07-10 01:01:36,243] INFO [LogLoader partition=__consumer_offsets-5, dir=C:\tmp\kraft-combined-logs] Reloading from producer snapshot and rebuilding producer state from offset 0 (kafka.log.UnifiedLog$)
[2024-07-10 01:01:36,243] INFO [LogLoader partition=__consumer_offsets-5, dir=C:\tmp\kraft-combined-logs] Producer state recovery took 0ms for snapshot load and 0ms for segment recovery from offset 0 (kafka.log.UnifiedLog$)
[2024-07-10 01:01:36,244] INFO Completed load of Log(dir=C:\tmp\kraft-combined-logs\__consumer_offsets-5, topicId=J4kQ0lo8Q72VayKSWp6DCQ, topic=__consumer_offsets, partition=5, highWatermark=0, lastStableOffset=0, logStartOffset=0, logEndOffset=0) with 1 segments, local-log-start-offset 0 and log-end-offset 0 in 7ms (47/101 completed in C:\tmp\kraft-combined-logs) (kafka.log.LogManager)
[2024-07-10 01:01:36,246] INFO [LogLoader partition=__consumer_offsets-6, dir=C:\tmp\kraft-combined-logs] Recovering unflushed segment 0. 0/1 recovered for __consumer_offsets-6. (kafka.log.LogLoader)
[2024-07-10 01:01:36,247] INFO [LogLoader partition=__consumer_offsets-6, dir=C:\tmp\kraft-combined-logs] Loading producer state till offset 0 with message format version 2 (kafka.log.UnifiedLog$)
[2024-07-10 01:01:36,247] INFO [LogLoader partition=__consumer_offsets-6, dir=C:\tmp\kraft-combined-logs] Reloading from producer snapshot and rebuilding producer state from offset 0 (kafka.log.UnifiedLog$)
[2024-07-10 01:01:36,247] INFO [LogLoader partition=__consumer_offsets-6, dir=C:\tmp\kraft-combined-logs] Producer state recovery took 0ms for snapshot load and 0ms for segment recovery from offset 0 (kafka.log.UnifiedLog$)
[2024-07-10 01:01:36,249] INFO [LogLoader partition=__consumer_offsets-6, dir=C:\tmp\kraft-combined-logs] Loading producer state till offset 0 with message format version 2 (kafka.log.UnifiedLog$)
[2024-07-10 01:01:36,250] INFO [LogLoader partition=__consumer_offsets-6, dir=C:\tmp\kraft-combined-logs] Reloading from producer snapshot and rebuilding producer state from offset 0 (kafka.log.UnifiedLog$)
[2024-07-10 01:01:36,250] INFO [LogLoader partition=__consumer_offsets-6, dir=C:\tmp\kraft-combined-logs] Producer state recovery took 0ms for snapshot load and 0ms for segment recovery from offset 0 (kafka.log.UnifiedLog$)
[2024-07-10 01:01:36,250] INFO Completed load of Log(dir=C:\tmp\kraft-combined-logs\__consumer_offsets-6, topicId=J4kQ0lo8Q72VayKSWp6DCQ, topic=__consumer_offsets, partition=6, highWatermark=0, lastStableOffset=0, logStartOffset=0, logEndOffset=0) with 1 segments, local-log-start-offset 0 and log-end-offset 0 in 6ms (48/101 completed in C:\tmp\kraft-combined-logs) (kafka.log.LogManager)
[2024-07-10 01:01:36,257] INFO [LogLoader partition=__consumer_offsets-7, dir=C:\tmp\kraft-combined-logs] Recovering unflushed segment 0. 0/1 recovered for __consumer_offsets-7. (kafka.log.LogLoader)
[2024-07-10 01:01:36,257] INFO [LogLoader partition=__consumer_offsets-7, dir=C:\tmp\kraft-combined-logs] Loading producer state till offset 0 with message format version 2 (kafka.log.UnifiedLog$)
[2024-07-10 01:01:36,257] INFO [LogLoader partition=__consumer_offsets-7, dir=C:\tmp\kraft-combined-logs] Reloading from producer snapshot and rebuilding producer state from offset 0 (kafka.log.UnifiedLog$)
[2024-07-10 01:01:36,257] INFO Deleted producer state snapshot C:\tmp\kraft-combined-logs\__consumer_offsets-7\00000000000000000008.snapshot (org.apache.kafka.storage.internals.log.SnapshotFile)
[2024-07-10 01:01:36,257] INFO [LogLoader partition=__consumer_offsets-7, dir=C:\tmp\kraft-combined-logs] Producer state recovery took 0ms for snapshot load and 0ms for segment recovery from offset 0 (kafka.log.UnifiedLog$)
[2024-07-10 01:01:36,261] INFO [ProducerStateManager partition=__consumer_offsets-7] Wrote producer snapshot at offset 8 with 0 producer ids in 1 ms. (org.apache.kafka.storage.internals.log.ProducerStateManager)
[2024-07-10 01:01:36,264] INFO [LogLoader partition=__consumer_offsets-7, dir=C:\tmp\kraft-combined-logs] Loading producer state till offset 8 with message format version 2 (kafka.log.UnifiedLog$)
[2024-07-10 01:01:36,264] INFO [LogLoader partition=__consumer_offsets-7, dir=C:\tmp\kraft-combined-logs] Reloading from producer snapshot and rebuilding producer state from offset 8 (kafka.log.UnifiedLog$)
[2024-07-10 01:01:36,264] INFO [ProducerStateManager partition=__consumer_offsets-7] Loading producer state from snapshot file 'SnapshotFile(offset=8, file=C:\tmp\kraft-combined-logs\__consumer_offsets-7\00000000000000000008.snapshot)' (org.apache.kafka.storage.internals.log.ProducerStateManager)
[2024-07-10 01:01:36,265] INFO [LogLoader partition=__consumer_offsets-7, dir=C:\tmp\kraft-combined-logs] Producer state recovery took 1ms for snapshot load and 0ms for segment recovery from offset 8 (kafka.log.UnifiedLog$)
[2024-07-10 01:01:36,266] INFO Completed load of Log(dir=C:\tmp\kraft-combined-logs\__consumer_offsets-7, topicId=J4kQ0lo8Q72VayKSWp6DCQ, topic=__consumer_offsets, partition=7, highWatermark=0, lastStableOffset=0, logStartOffset=0, logEndOffset=8) with 1 segments, local-log-start-offset 0 and log-end-offset 8 in 15ms (49/101 completed in C:\tmp\kraft-combined-logs) (kafka.log.LogManager)
[2024-07-10 01:01:36,268] INFO [LogLoader partition=__consumer_offsets-8, dir=C:\tmp\kraft-combined-logs] Recovering unflushed segment 0. 0/1 recovered for __consumer_offsets-8. (kafka.log.LogLoader)
[2024-07-10 01:01:36,269] INFO [LogLoader partition=__consumer_offsets-8, dir=C:\tmp\kraft-combined-logs] Loading producer state till offset 0 with message format version 2 (kafka.log.UnifiedLog$)
[2024-07-10 01:01:36,269] INFO [LogLoader partition=__consumer_offsets-8, dir=C:\tmp\kraft-combined-logs] Reloading from producer snapshot and rebuilding producer state from offset 0 (kafka.log.UnifiedLog$)
[2024-07-10 01:01:36,269] INFO [LogLoader partition=__consumer_offsets-8, dir=C:\tmp\kraft-combined-logs] Producer state recovery took 0ms for snapshot load and 0ms for segment recovery from offset 0 (kafka.log.UnifiedLog$)
[2024-07-10 01:01:36,272] INFO [LogLoader partition=__consumer_offsets-8, dir=C:\tmp\kraft-combined-logs] Loading producer state till offset 0 with message format version 2 (kafka.log.UnifiedLog$)
[2024-07-10 01:01:36,272] INFO [LogLoader partition=__consumer_offsets-8, dir=C:\tmp\kraft-combined-logs] Reloading from producer snapshot and rebuilding producer state from offset 0 (kafka.log.UnifiedLog$)
[2024-07-10 01:01:36,272] INFO [LogLoader partition=__consumer_offsets-8, dir=C:\tmp\kraft-combined-logs] Producer state recovery took 0ms for snapshot load and 0ms for segment recovery from offset 0 (kafka.log.UnifiedLog$)
[2024-07-10 01:01:36,272] INFO Completed load of Log(dir=C:\tmp\kraft-combined-logs\__consumer_offsets-8, topicId=J4kQ0lo8Q72VayKSWp6DCQ, topic=__consumer_offsets, partition=8, highWatermark=0, lastStableOffset=0, logStartOffset=0, logEndOffset=0) with 1 segments, local-log-start-offset 0 and log-end-offset 0 in 6ms (50/101 completed in C:\tmp\kraft-combined-logs) (kafka.log.LogManager)
[2024-07-10 01:01:36,275] INFO [LogLoader partition=__consumer_offsets-9, dir=C:\tmp\kraft-combined-logs] Recovering unflushed segment 0. 0/1 recovered for __consumer_offsets-9. (kafka.log.LogLoader)
[2024-07-10 01:01:36,276] INFO [LogLoader partition=__consumer_offsets-9, dir=C:\tmp\kraft-combined-logs] Loading producer state till offset 0 with message format version 2 (kafka.log.UnifiedLog$)
[2024-07-10 01:01:36,276] INFO [LogLoader partition=__consumer_offsets-9, dir=C:\tmp\kraft-combined-logs] Reloading from producer snapshot and rebuilding producer state from offset 0 (kafka.log.UnifiedLog$)
[2024-07-10 01:01:36,276] INFO [LogLoader partition=__consumer_offsets-9, dir=C:\tmp\kraft-combined-logs] Producer state recovery took 0ms for snapshot load and 0ms for segment recovery from offset 0 (kafka.log.UnifiedLog$)
[2024-07-10 01:01:36,279] INFO [LogLoader partition=__consumer_offsets-9, dir=C:\tmp\kraft-combined-logs] Loading producer state till offset 0 with message format version 2 (kafka.log.UnifiedLog$)
[2024-07-10 01:01:36,279] INFO [LogLoader partition=__consumer_offsets-9, dir=C:\tmp\kraft-combined-logs] Reloading from producer snapshot and rebuilding producer state from offset 0 (kafka.log.UnifiedLog$)
[2024-07-10 01:01:36,279] INFO [LogLoader partition=__consumer_offsets-9, dir=C:\tmp\kraft-combined-logs] Producer state recovery took 0ms for snapshot load and 0ms for segment recovery from offset 0 (kafka.log.UnifiedLog$)
[2024-07-10 01:01:36,280] INFO Completed load of Log(dir=C:\tmp\kraft-combined-logs\__consumer_offsets-9, topicId=J4kQ0lo8Q72VayKSWp6DCQ, topic=__consumer_offsets, partition=9, highWatermark=0, lastStableOffset=0, logStartOffset=0, logEndOffset=0) with 1 segments, local-log-start-offset 0 and log-end-offset 0 in 8ms (51/101 completed in C:\tmp\kraft-combined-logs) (kafka.log.LogManager)
[2024-07-10 01:01:36,283] INFO [LogLoader partition=__transaction_state-0, dir=C:\tmp\kraft-combined-logs] Recovering unflushed segment 0. 0/1 recovered for __transaction_state-0. (kafka.log.LogLoader)
[2024-07-10 01:01:36,283] INFO [LogLoader partition=__transaction_state-0, dir=C:\tmp\kraft-combined-logs] Loading producer state till offset 0 with message format version 2 (kafka.log.UnifiedLog$)
[2024-07-10 01:01:36,284] INFO [LogLoader partition=__transaction_state-0, dir=C:\tmp\kraft-combined-logs] Reloading from producer snapshot and rebuilding producer state from offset 0 (kafka.log.UnifiedLog$)
[2024-07-10 01:01:36,284] INFO [LogLoader partition=__transaction_state-0, dir=C:\tmp\kraft-combined-logs] Producer state recovery took 0ms for snapshot load and 0ms for segment recovery from offset 0 (kafka.log.UnifiedLog$)
[2024-07-10 01:01:36,286] INFO [LogLoader partition=__transaction_state-0, dir=C:\tmp\kraft-combined-logs] Loading producer state till offset 0 with message format version 2 (kafka.log.UnifiedLog$)
[2024-07-10 01:01:36,287] INFO [LogLoader partition=__transaction_state-0, dir=C:\tmp\kraft-combined-logs] Reloading from producer snapshot and rebuilding producer state from offset 0 (kafka.log.UnifiedLog$)
[2024-07-10 01:01:36,287] INFO [LogLoader partition=__transaction_state-0, dir=C:\tmp\kraft-combined-logs] Producer state recovery took 0ms for snapshot load and 0ms for segment recovery from offset 0 (kafka.log.UnifiedLog$)
[2024-07-10 01:01:36,287] INFO Completed load of Log(dir=C:\tmp\kraft-combined-logs\__transaction_state-0, topicId=NjKn4Re8TgW3dKrVfXAjUQ, topic=__transaction_state, partition=0, highWatermark=0, lastStableOffset=0, logStartOffset=0, logEndOffset=0) with 1 segments, local-log-start-offset 0 and log-end-offset 0 in 7ms (52/101 completed in C:\tmp\kraft-combined-logs) (kafka.log.LogManager)
[2024-07-10 01:01:36,290] INFO [LogLoader partition=__transaction_state-1, dir=C:\tmp\kraft-combined-logs] Recovering unflushed segment 0. 0/1 recovered for __transaction_state-1. (kafka.log.LogLoader)
[2024-07-10 01:01:36,291] INFO [LogLoader partition=__transaction_state-1, dir=C:\tmp\kraft-combined-logs] Loading producer state till offset 0 with message format version 2 (kafka.log.UnifiedLog$)
[2024-07-10 01:01:36,291] INFO [LogLoader partition=__transaction_state-1, dir=C:\tmp\kraft-combined-logs] Reloading from producer snapshot and rebuilding producer state from offset 0 (kafka.log.UnifiedLog$)
[2024-07-10 01:01:36,291] INFO [LogLoader partition=__transaction_state-1, dir=C:\tmp\kraft-combined-logs] Producer state recovery took 0ms for snapshot load and 0ms for segment recovery from offset 0 (kafka.log.UnifiedLog$)
[2024-07-10 01:01:36,294] INFO [LogLoader partition=__transaction_state-1, dir=C:\tmp\kraft-combined-logs] Loading producer state till offset 0 with message format version 2 (kafka.log.UnifiedLog$)
[2024-07-10 01:01:36,294] INFO [LogLoader partition=__transaction_state-1, dir=C:\tmp\kraft-combined-logs] Reloading from producer snapshot and rebuilding producer state from offset 0 (kafka.log.UnifiedLog$)
[2024-07-10 01:01:36,294] INFO [LogLoader partition=__transaction_state-1, dir=C:\tmp\kraft-combined-logs] Producer state recovery took 0ms for snapshot load and 0ms for segment recovery from offset 0 (kafka.log.UnifiedLog$)
[2024-07-10 01:01:36,295] INFO Completed load of Log(dir=C:\tmp\kraft-combined-logs\__transaction_state-1, topicId=NjKn4Re8TgW3dKrVfXAjUQ, topic=__transaction_state, partition=1, highWatermark=0, lastStableOffset=0, logStartOffset=0, logEndOffset=0) with 1 segments, local-log-start-offset 0 and log-end-offset 0 in 7ms (53/101 completed in C:\tmp\kraft-combined-logs) (kafka.log.LogManager)
[2024-07-10 01:01:36,298] INFO [LogLoader partition=__transaction_state-10, dir=C:\tmp\kraft-combined-logs] Recovering unflushed segment 0. 0/1 recovered for __transaction_state-10. (kafka.log.LogLoader)
[2024-07-10 01:01:36,298] INFO [LogLoader partition=__transaction_state-10, dir=C:\tmp\kraft-combined-logs] Loading producer state till offset 0 with message format version 2 (kafka.log.UnifiedLog$)
[2024-07-10 01:01:36,298] INFO [LogLoader partition=__transaction_state-10, dir=C:\tmp\kraft-combined-logs] Reloading from producer snapshot and rebuilding producer state from offset 0 (kafka.log.UnifiedLog$)
[2024-07-10 01:01:36,298] INFO [LogLoader partition=__transaction_state-10, dir=C:\tmp\kraft-combined-logs] Producer state recovery took 0ms for snapshot load and 0ms for segment recovery from offset 0 (kafka.log.UnifiedLog$)
[2024-07-10 01:01:36,300] INFO [LogLoader partition=__transaction_state-10, dir=C:\tmp\kraft-combined-logs] Loading producer state till offset 0 with message format version 2 (kafka.log.UnifiedLog$)
[2024-07-10 01:01:36,301] INFO [LogLoader partition=__transaction_state-10, dir=C:\tmp\kraft-combined-logs] Reloading from producer snapshot and rebuilding producer state from offset 0 (kafka.log.UnifiedLog$)
[2024-07-10 01:01:36,301] INFO [LogLoader partition=__transaction_state-10, dir=C:\tmp\kraft-combined-logs] Producer state recovery took 0ms for snapshot load and 0ms for segment recovery from offset 0 (kafka.log.UnifiedLog$)
[2024-07-10 01:01:36,301] INFO Completed load of Log(dir=C:\tmp\kraft-combined-logs\__transaction_state-10, topicId=NjKn4Re8TgW3dKrVfXAjUQ, topic=__transaction_state, partition=10, highWatermark=0, lastStableOffset=0, logStartOffset=0, logEndOffset=0) with 1 segments, local-log-start-offset 0 and log-end-offset 0 in 6ms (54/101 completed in C:\tmp\kraft-combined-logs) (kafka.log.LogManager)
[2024-07-10 01:01:36,304] INFO [LogLoader partition=__transaction_state-11, dir=C:\tmp\kraft-combined-logs] Recovering unflushed segment 0. 0/1 recovered for __transaction_state-11. (kafka.log.LogLoader)
[2024-07-10 01:01:36,304] INFO [LogLoader partition=__transaction_state-11, dir=C:\tmp\kraft-combined-logs] Loading producer state till offset 0 with message format version 2 (kafka.log.UnifiedLog$)
[2024-07-10 01:01:36,304] INFO [LogLoader partition=__transaction_state-11, dir=C:\tmp\kraft-combined-logs] Reloading from producer snapshot and rebuilding producer state from offset 0 (kafka.log.UnifiedLog$)
[2024-07-10 01:01:36,304] INFO [LogLoader partition=__transaction_state-11, dir=C:\tmp\kraft-combined-logs] Producer state recovery took 0ms for snapshot load and 0ms for segment recovery from offset 0 (kafka.log.UnifiedLog$)
[2024-07-10 01:01:36,307] INFO [LogLoader partition=__transaction_state-11, dir=C:\tmp\kraft-combined-logs] Loading producer state till offset 0 with message format version 2 (kafka.log.UnifiedLog$)
[2024-07-10 01:01:36,307] INFO [LogLoader partition=__transaction_state-11, dir=C:\tmp\kraft-combined-logs] Reloading from producer snapshot and rebuilding producer state from offset 0 (kafka.log.UnifiedLog$)
[2024-07-10 01:01:36,307] INFO [LogLoader partition=__transaction_state-11, dir=C:\tmp\kraft-combined-logs] Producer state recovery took 0ms for snapshot load and 0ms for segment recovery from offset 0 (kafka.log.UnifiedLog$)
[2024-07-10 01:01:36,308] INFO Completed load of Log(dir=C:\tmp\kraft-combined-logs\__transaction_state-11, topicId=NjKn4Re8TgW3dKrVfXAjUQ, topic=__transaction_state, partition=11, highWatermark=0, lastStableOffset=0, logStartOffset=0, logEndOffset=0) with 1 segments, local-log-start-offset 0 and log-end-offset 0 in 7ms (55/101 completed in C:\tmp\kraft-combined-logs) (kafka.log.LogManager)
[2024-07-10 01:01:36,311] INFO [LogLoader partition=__transaction_state-12, dir=C:\tmp\kraft-combined-logs] Recovering unflushed segment 0. 0/1 recovered for __transaction_state-12. (kafka.log.LogLoader)
[2024-07-10 01:01:36,311] INFO [LogLoader partition=__transaction_state-12, dir=C:\tmp\kraft-combined-logs] Loading producer state till offset 0 with message format version 2 (kafka.log.UnifiedLog$)
[2024-07-10 01:01:36,311] INFO [LogLoader partition=__transaction_state-12, dir=C:\tmp\kraft-combined-logs] Reloading from producer snapshot and rebuilding producer state from offset 0 (kafka.log.UnifiedLog$)
[2024-07-10 01:01:36,311] INFO [LogLoader partition=__transaction_state-12, dir=C:\tmp\kraft-combined-logs] Producer state recovery took 0ms for snapshot load and 0ms for segment recovery from offset 0 (kafka.log.UnifiedLog$)
[2024-07-10 01:01:36,314] INFO [LogLoader partition=__transaction_state-12, dir=C:\tmp\kraft-combined-logs] Loading producer state till offset 0 with message format version 2 (kafka.log.UnifiedLog$)
[2024-07-10 01:01:36,314] INFO [LogLoader partition=__transaction_state-12, dir=C:\tmp\kraft-combined-logs] Reloading from producer snapshot and rebuilding producer state from offset 0 (kafka.log.UnifiedLog$)
[2024-07-10 01:01:36,314] INFO [LogLoader partition=__transaction_state-12, dir=C:\tmp\kraft-combined-logs] Producer state recovery took 0ms for snapshot load and 0ms for segment recovery from offset 0 (kafka.log.UnifiedLog$)
[2024-07-10 01:01:36,315] INFO Completed load of Log(dir=C:\tmp\kraft-combined-logs\__transaction_state-12, topicId=NjKn4Re8TgW3dKrVfXAjUQ, topic=__transaction_state, partition=12, highWatermark=0, lastStableOffset=0, logStartOffset=0, logEndOffset=0) with 1 segments, local-log-start-offset 0 and log-end-offset 0 in 7ms (56/101 completed in C:\tmp\kraft-combined-logs) (kafka.log.LogManager)
[2024-07-10 01:01:36,317] INFO [LogLoader partition=__transaction_state-13, dir=C:\tmp\kraft-combined-logs] Recovering unflushed segment 0. 0/1 recovered for __transaction_state-13. (kafka.log.LogLoader)
[2024-07-10 01:01:36,318] INFO [LogLoader partition=__transaction_state-13, dir=C:\tmp\kraft-combined-logs] Loading producer state till offset 0 with message format version 2 (kafka.log.UnifiedLog$)
[2024-07-10 01:01:36,318] INFO [LogLoader partition=__transaction_state-13, dir=C:\tmp\kraft-combined-logs] Reloading from producer snapshot and rebuilding producer state from offset 0 (kafka.log.UnifiedLog$)
[2024-07-10 01:01:36,318] INFO [LogLoader partition=__transaction_state-13, dir=C:\tmp\kraft-combined-logs] Producer state recovery took 0ms for snapshot load and 0ms for segment recovery from offset 0 (kafka.log.UnifiedLog$)
[2024-07-10 01:01:36,321] INFO [LogLoader partition=__transaction_state-13, dir=C:\tmp\kraft-combined-logs] Loading producer state till offset 0 with message format version 2 (kafka.log.UnifiedLog$)
[2024-07-10 01:01:36,321] INFO [LogLoader partition=__transaction_state-13, dir=C:\tmp\kraft-combined-logs] Reloading from producer snapshot and rebuilding producer state from offset 0 (kafka.log.UnifiedLog$)
[2024-07-10 01:01:36,321] INFO [LogLoader partition=__transaction_state-13, dir=C:\tmp\kraft-combined-logs] Producer state recovery took 0ms for snapshot load and 0ms for segment recovery from offset 0 (kafka.log.UnifiedLog$)
[2024-07-10 01:01:36,322] INFO Completed load of Log(dir=C:\tmp\kraft-combined-logs\__transaction_state-13, topicId=NjKn4Re8TgW3dKrVfXAjUQ, topic=__transaction_state, partition=13, highWatermark=0, lastStableOffset=0, logStartOffset=0, logEndOffset=0) with 1 segments, local-log-start-offset 0 and log-end-offset 0 in 7ms (57/101 completed in C:\tmp\kraft-combined-logs) (kafka.log.LogManager)
[2024-07-10 01:01:36,324] INFO [LogLoader partition=__transaction_state-14, dir=C:\tmp\kraft-combined-logs] Recovering unflushed segment 0. 0/1 recovered for __transaction_state-14. (kafka.log.LogLoader)
[2024-07-10 01:01:36,325] INFO [LogLoader partition=__transaction_state-14, dir=C:\tmp\kraft-combined-logs] Loading producer state till offset 0 with message format version 2 (kafka.log.UnifiedLog$)
[2024-07-10 01:01:36,325] INFO [LogLoader partition=__transaction_state-14, dir=C:\tmp\kraft-combined-logs] Reloading from producer snapshot and rebuilding producer state from offset 0 (kafka.log.UnifiedLog$)
[2024-07-10 01:01:36,326] INFO [LogLoader partition=__transaction_state-14, dir=C:\tmp\kraft-combined-logs] Producer state recovery took 0ms for snapshot load and 0ms for segment recovery from offset 0 (kafka.log.UnifiedLog$)
[2024-07-10 01:01:36,328] INFO [LogLoader partition=__transaction_state-14, dir=C:\tmp\kraft-combined-logs] Loading producer state till offset 0 with message format version 2 (kafka.log.UnifiedLog$)
[2024-07-10 01:01:36,329] INFO [LogLoader partition=__transaction_state-14, dir=C:\tmp\kraft-combined-logs] Reloading from producer snapshot and rebuilding producer state from offset 0 (kafka.log.UnifiedLog$)
[2024-07-10 01:01:36,329] INFO [LogLoader partition=__transaction_state-14, dir=C:\tmp\kraft-combined-logs] Producer state recovery took 0ms for snapshot load and 0ms for segment recovery from offset 0 (kafka.log.UnifiedLog$)
[2024-07-10 01:01:36,329] INFO Completed load of Log(dir=C:\tmp\kraft-combined-logs\__transaction_state-14, topicId=NjKn4Re8TgW3dKrVfXAjUQ, topic=__transaction_state, partition=14, highWatermark=0, lastStableOffset=0, logStartOffset=0, logEndOffset=0) with 1 segments, local-log-start-offset 0 and log-end-offset 0 in 8ms (58/101 completed in C:\tmp\kraft-combined-logs) (kafka.log.LogManager)
[2024-07-10 01:01:36,333] INFO [LogLoader partition=__transaction_state-15, dir=C:\tmp\kraft-combined-logs] Recovering unflushed segment 0. 0/1 recovered for __transaction_state-15. (kafka.log.LogLoader)
[2024-07-10 01:01:36,333] INFO [LogLoader partition=__transaction_state-15, dir=C:\tmp\kraft-combined-logs] Loading producer state till offset 0 with message format version 2 (kafka.log.UnifiedLog$)
[2024-07-10 01:01:36,333] INFO [LogLoader partition=__transaction_state-15, dir=C:\tmp\kraft-combined-logs] Reloading from producer snapshot and rebuilding producer state from offset 0 (kafka.log.UnifiedLog$)
[2024-07-10 01:01:36,333] INFO [LogLoader partition=__transaction_state-15, dir=C:\tmp\kraft-combined-logs] Producer state recovery took 0ms for snapshot load and 0ms for segment recovery from offset 0 (kafka.log.UnifiedLog$)
[2024-07-10 01:01:36,336] INFO [LogLoader partition=__transaction_state-15, dir=C:\tmp\kraft-combined-logs] Loading producer state till offset 0 with message format version 2 (kafka.log.UnifiedLog$)
[2024-07-10 01:01:36,336] INFO [LogLoader partition=__transaction_state-15, dir=C:\tmp\kraft-combined-logs] Reloading from producer snapshot and rebuilding producer state from offset 0 (kafka.log.UnifiedLog$)
[2024-07-10 01:01:36,336] INFO [LogLoader partition=__transaction_state-15, dir=C:\tmp\kraft-combined-logs] Producer state recovery took 0ms for snapshot load and 0ms for segment recovery from offset 0 (kafka.log.UnifiedLog$)
[2024-07-10 01:01:36,337] INFO Completed load of Log(dir=C:\tmp\kraft-combined-logs\__transaction_state-15, topicId=NjKn4Re8TgW3dKrVfXAjUQ, topic=__transaction_state, partition=15, highWatermark=0, lastStableOffset=0, logStartOffset=0, logEndOffset=0) with 1 segments, local-log-start-offset 0 and log-end-offset 0 in 7ms (59/101 completed in C:\tmp\kraft-combined-logs) (kafka.log.LogManager)
[2024-07-10 01:01:36,339] INFO [LogLoader partition=__transaction_state-16, dir=C:\tmp\kraft-combined-logs] Recovering unflushed segment 0. 0/1 recovered for __transaction_state-16. (kafka.log.LogLoader)
[2024-07-10 01:01:36,340] INFO [LogLoader partition=__transaction_state-16, dir=C:\tmp\kraft-combined-logs] Loading producer state till offset 0 with message format version 2 (kafka.log.UnifiedLog$)
[2024-07-10 01:01:36,340] INFO [LogLoader partition=__transaction_state-16, dir=C:\tmp\kraft-combined-logs] Reloading from producer snapshot and rebuilding producer state from offset 0 (kafka.log.UnifiedLog$)
[2024-07-10 01:01:36,340] INFO [LogLoader partition=__transaction_state-16, dir=C:\tmp\kraft-combined-logs] Producer state recovery took 0ms for snapshot load and 0ms for segment recovery from offset 0 (kafka.log.UnifiedLog$)
[2024-07-10 01:01:36,344] INFO [LogLoader partition=__transaction_state-16, dir=C:\tmp\kraft-combined-logs] Loading producer state till offset 0 with message format version 2 (kafka.log.UnifiedLog$)
[2024-07-10 01:01:36,344] INFO [LogLoader partition=__transaction_state-16, dir=C:\tmp\kraft-combined-logs] Reloading from producer snapshot and rebuilding producer state from offset 0 (kafka.log.UnifiedLog$)
[2024-07-10 01:01:36,344] INFO [LogLoader partition=__transaction_state-16, dir=C:\tmp\kraft-combined-logs] Producer state recovery took 0ms for snapshot load and 0ms for segment recovery from offset 0 (kafka.log.UnifiedLog$)
[2024-07-10 01:01:36,344] INFO Completed load of Log(dir=C:\tmp\kraft-combined-logs\__transaction_state-16, topicId=NjKn4Re8TgW3dKrVfXAjUQ, topic=__transaction_state, partition=16, highWatermark=0, lastStableOffset=0, logStartOffset=0, logEndOffset=0) with 1 segments, local-log-start-offset 0 and log-end-offset 0 in 7ms (60/101 completed in C:\tmp\kraft-combined-logs) (kafka.log.LogManager)
[2024-07-10 01:01:36,347] INFO [LogLoader partition=__transaction_state-17, dir=C:\tmp\kraft-combined-logs] Recovering unflushed segment 0. 0/1 recovered for __transaction_state-17. (kafka.log.LogLoader)
[2024-07-10 01:01:36,347] INFO [LogLoader partition=__transaction_state-17, dir=C:\tmp\kraft-combined-logs] Loading producer state till offset 0 with message format version 2 (kafka.log.UnifiedLog$)
[2024-07-10 01:01:36,348] INFO [LogLoader partition=__transaction_state-17, dir=C:\tmp\kraft-combined-logs] Reloading from producer snapshot and rebuilding producer state from offset 0 (kafka.log.UnifiedLog$)
[2024-07-10 01:01:36,348] INFO [LogLoader partition=__transaction_state-17, dir=C:\tmp\kraft-combined-logs] Producer state recovery took 0ms for snapshot load and 0ms for segment recovery from offset 0 (kafka.log.UnifiedLog$)
[2024-07-10 01:01:36,351] INFO [LogLoader partition=__transaction_state-17, dir=C:\tmp\kraft-combined-logs] Loading producer state till offset 0 with message format version 2 (kafka.log.UnifiedLog$)
[2024-07-10 01:01:36,351] INFO [LogLoader partition=__transaction_state-17, dir=C:\tmp\kraft-combined-logs] Reloading from producer snapshot and rebuilding producer state from offset 0 (kafka.log.UnifiedLog$)
[2024-07-10 01:01:36,351] INFO [LogLoader partition=__transaction_state-17, dir=C:\tmp\kraft-combined-logs] Producer state recovery took 0ms for snapshot load and 0ms for segment recovery from offset 0 (kafka.log.UnifiedLog$)
[2024-07-10 01:01:36,352] INFO Completed load of Log(dir=C:\tmp\kraft-combined-logs\__transaction_state-17, topicId=NjKn4Re8TgW3dKrVfXAjUQ, topic=__transaction_state, partition=17, highWatermark=0, lastStableOffset=0, logStartOffset=0, logEndOffset=0) with 1 segments, local-log-start-offset 0 and log-end-offset 0 in 7ms (61/101 completed in C:\tmp\kraft-combined-logs) (kafka.log.LogManager)
[2024-07-10 01:01:36,354] INFO [LogLoader partition=__transaction_state-18, dir=C:\tmp\kraft-combined-logs] Recovering unflushed segment 0. 0/1 recovered for __transaction_state-18. (kafka.log.LogLoader)
[2024-07-10 01:01:36,354] INFO [LogLoader partition=__transaction_state-18, dir=C:\tmp\kraft-combined-logs] Loading producer state till offset 0 with message format version 2 (kafka.log.UnifiedLog$)
[2024-07-10 01:01:36,354] INFO [LogLoader partition=__transaction_state-18, dir=C:\tmp\kraft-combined-logs] Reloading from producer snapshot and rebuilding producer state from offset 0 (kafka.log.UnifiedLog$)
[2024-07-10 01:01:36,354] INFO [LogLoader partition=__transaction_state-18, dir=C:\tmp\kraft-combined-logs] Producer state recovery took 0ms for snapshot load and 0ms for segment recovery from offset 0 (kafka.log.UnifiedLog$)
[2024-07-10 01:01:36,357] INFO [LogLoader partition=__transaction_state-18, dir=C:\tmp\kraft-combined-logs] Loading producer state till offset 0 with message format version 2 (kafka.log.UnifiedLog$)
[2024-07-10 01:01:36,357] INFO [LogLoader partition=__transaction_state-18, dir=C:\tmp\kraft-combined-logs] Reloading from producer snapshot and rebuilding producer state from offset 0 (kafka.log.UnifiedLog$)
[2024-07-10 01:01:36,357] INFO [LogLoader partition=__transaction_state-18, dir=C:\tmp\kraft-combined-logs] Producer state recovery took 0ms for snapshot load and 0ms for segment recovery from offset 0 (kafka.log.UnifiedLog$)
[2024-07-10 01:01:36,358] INFO Completed load of Log(dir=C:\tmp\kraft-combined-logs\__transaction_state-18, topicId=NjKn4Re8TgW3dKrVfXAjUQ, topic=__transaction_state, partition=18, highWatermark=0, lastStableOffset=0, logStartOffset=0, logEndOffset=0) with 1 segments, local-log-start-offset 0 and log-end-offset 0 in 6ms (62/101 completed in C:\tmp\kraft-combined-logs) (kafka.log.LogManager)
[2024-07-10 01:01:36,361] INFO [LogLoader partition=__transaction_state-19, dir=C:\tmp\kraft-combined-logs] Recovering unflushed segment 0. 0/1 recovered for __transaction_state-19. (kafka.log.LogLoader)
[2024-07-10 01:01:36,361] INFO [LogLoader partition=__transaction_state-19, dir=C:\tmp\kraft-combined-logs] Loading producer state till offset 0 with message format version 2 (kafka.log.UnifiedLog$)
[2024-07-10 01:01:36,361] INFO [LogLoader partition=__transaction_state-19, dir=C:\tmp\kraft-combined-logs] Reloading from producer snapshot and rebuilding producer state from offset 0 (kafka.log.UnifiedLog$)
[2024-07-10 01:01:36,361] INFO [LogLoader partition=__transaction_state-19, dir=C:\tmp\kraft-combined-logs] Producer state recovery took 0ms for snapshot load and 0ms for segment recovery from offset 0 (kafka.log.UnifiedLog$)
[2024-07-10 01:01:36,365] INFO [LogLoader partition=__transaction_state-19, dir=C:\tmp\kraft-combined-logs] Loading producer state till offset 0 with message format version 2 (kafka.log.UnifiedLog$)
[2024-07-10 01:01:36,365] INFO [LogLoader partition=__transaction_state-19, dir=C:\tmp\kraft-combined-logs] Reloading from producer snapshot and rebuilding producer state from offset 0 (kafka.log.UnifiedLog$)
[2024-07-10 01:01:36,365] INFO [LogLoader partition=__transaction_state-19, dir=C:\tmp\kraft-combined-logs] Producer state recovery took 0ms for snapshot load and 0ms for segment recovery from offset 0 (kafka.log.UnifiedLog$)
[2024-07-10 01:01:36,366] INFO Completed load of Log(dir=C:\tmp\kraft-combined-logs\__transaction_state-19, topicId=NjKn4Re8TgW3dKrVfXAjUQ, topic=__transaction_state, partition=19, highWatermark=0, lastStableOffset=0, logStartOffset=0, logEndOffset=0) with 1 segments, local-log-start-offset 0 and log-end-offset 0 in 8ms (63/101 completed in C:\tmp\kraft-combined-logs) (kafka.log.LogManager)
[2024-07-10 01:01:36,373] INFO [LogLoader partition=__transaction_state-2, dir=C:\tmp\kraft-combined-logs] Recovering unflushed segment 0. 0/1 recovered for __transaction_state-2. (kafka.log.LogLoader)
[2024-07-10 01:01:36,373] INFO [LogLoader partition=__transaction_state-2, dir=C:\tmp\kraft-combined-logs] Loading producer state till offset 0 with message format version 2 (kafka.log.UnifiedLog$)
[2024-07-10 01:01:36,374] INFO [LogLoader partition=__transaction_state-2, dir=C:\tmp\kraft-combined-logs] Reloading from producer snapshot and rebuilding producer state from offset 0 (kafka.log.UnifiedLog$)
[2024-07-10 01:01:36,374] INFO Deleted producer state snapshot C:\tmp\kraft-combined-logs\__transaction_state-2\00000000000000000004.snapshot (org.apache.kafka.storage.internals.log.SnapshotFile)
[2024-07-10 01:01:36,374] INFO [LogLoader partition=__transaction_state-2, dir=C:\tmp\kraft-combined-logs] Producer state recovery took 0ms for snapshot load and 0ms for segment recovery from offset 0 (kafka.log.UnifiedLog$)
[2024-07-10 01:01:36,378] INFO [ProducerStateManager partition=__transaction_state-2] Wrote producer snapshot at offset 4 with 0 producer ids in 2 ms. (org.apache.kafka.storage.internals.log.ProducerStateManager)
[2024-07-10 01:01:36,380] INFO [LogLoader partition=__transaction_state-2, dir=C:\tmp\kraft-combined-logs] Loading producer state till offset 4 with message format version 2 (kafka.log.UnifiedLog$)
[2024-07-10 01:01:36,380] INFO [LogLoader partition=__transaction_state-2, dir=C:\tmp\kraft-combined-logs] Reloading from producer snapshot and rebuilding producer state from offset 4 (kafka.log.UnifiedLog$)
[2024-07-10 01:01:36,380] INFO [ProducerStateManager partition=__transaction_state-2] Loading producer state from snapshot file 'SnapshotFile(offset=4, file=C:\tmp\kraft-combined-logs\__transaction_state-2\00000000000000000004.snapshot)' (org.apache.kafka.storage.internals.log.ProducerStateManager)
[2024-07-10 01:01:36,381] INFO [LogLoader partition=__transaction_state-2, dir=C:\tmp\kraft-combined-logs] Producer state recovery took 1ms for snapshot load and 0ms for segment recovery from offset 4 (kafka.log.UnifiedLog$)
[2024-07-10 01:01:36,382] INFO Completed load of Log(dir=C:\tmp\kraft-combined-logs\__transaction_state-2, topicId=NjKn4Re8TgW3dKrVfXAjUQ, topic=__transaction_state, partition=2, highWatermark=0, lastStableOffset=0, logStartOffset=0, logEndOffset=4) with 1 segments, local-log-start-offset 0 and log-end-offset 4 in 16ms (64/101 completed in C:\tmp\kraft-combined-logs) (kafka.log.LogManager)
[2024-07-10 01:01:36,385] INFO [LogLoader partition=__transaction_state-20, dir=C:\tmp\kraft-combined-logs] Recovering unflushed segment 0. 0/1 recovered for __transaction_state-20. (kafka.log.LogLoader)
[2024-07-10 01:01:36,385] INFO [LogLoader partition=__transaction_state-20, dir=C:\tmp\kraft-combined-logs] Loading producer state till offset 0 with message format version 2 (kafka.log.UnifiedLog$)
[2024-07-10 01:01:36,385] INFO [LogLoader partition=__transaction_state-20, dir=C:\tmp\kraft-combined-logs] Reloading from producer snapshot and rebuilding producer state from offset 0 (kafka.log.UnifiedLog$)
[2024-07-10 01:01:36,385] INFO [LogLoader partition=__transaction_state-20, dir=C:\tmp\kraft-combined-logs] Producer state recovery took 0ms for snapshot load and 0ms for segment recovery from offset 0 (kafka.log.UnifiedLog$)
[2024-07-10 01:01:36,387] INFO [LogLoader partition=__transaction_state-20, dir=C:\tmp\kraft-combined-logs] Loading producer state till offset 0 with message format version 2 (kafka.log.UnifiedLog$)
[2024-07-10 01:01:36,388] INFO [LogLoader partition=__transaction_state-20, dir=C:\tmp\kraft-combined-logs] Reloading from producer snapshot and rebuilding producer state from offset 0 (kafka.log.UnifiedLog$)
[2024-07-10 01:01:36,388] INFO [LogLoader partition=__transaction_state-20, dir=C:\tmp\kraft-combined-logs] Producer state recovery took 0ms for snapshot load and 0ms for segment recovery from offset 0 (kafka.log.UnifiedLog$)
[2024-07-10 01:01:36,388] INFO Completed load of Log(dir=C:\tmp\kraft-combined-logs\__transaction_state-20, topicId=NjKn4Re8TgW3dKrVfXAjUQ, topic=__transaction_state, partition=20, highWatermark=0, lastStableOffset=0, logStartOffset=0, logEndOffset=0) with 1 segments, local-log-start-offset 0 and log-end-offset 0 in 6ms (65/101 completed in C:\tmp\kraft-combined-logs) (kafka.log.LogManager)
[2024-07-10 01:01:36,391] INFO [LogLoader partition=__transaction_state-21, dir=C:\tmp\kraft-combined-logs] Recovering unflushed segment 0. 0/1 recovered for __transaction_state-21. (kafka.log.LogLoader)
[2024-07-10 01:01:36,392] INFO [LogLoader partition=__transaction_state-21, dir=C:\tmp\kraft-combined-logs] Loading producer state till offset 0 with message format version 2 (kafka.log.UnifiedLog$)
[2024-07-10 01:01:36,392] INFO [LogLoader partition=__transaction_state-21, dir=C:\tmp\kraft-combined-logs] Reloading from producer snapshot and rebuilding producer state from offset 0 (kafka.log.UnifiedLog$)
[2024-07-10 01:01:36,392] INFO [LogLoader partition=__transaction_state-21, dir=C:\tmp\kraft-combined-logs] Producer state recovery took 0ms for snapshot load and 0ms for segment recovery from offset 0 (kafka.log.UnifiedLog$)
[2024-07-10 01:01:36,395] INFO [LogLoader partition=__transaction_state-21, dir=C:\tmp\kraft-combined-logs] Loading producer state till offset 0 with message format version 2 (kafka.log.UnifiedLog$)
[2024-07-10 01:01:36,395] INFO [LogLoader partition=__transaction_state-21, dir=C:\tmp\kraft-combined-logs] Reloading from producer snapshot and rebuilding producer state from offset 0 (kafka.log.UnifiedLog$)
[2024-07-10 01:01:36,395] INFO [LogLoader partition=__transaction_state-21, dir=C:\tmp\kraft-combined-logs] Producer state recovery took 0ms for snapshot load and 0ms for segment recovery from offset 0 (kafka.log.UnifiedLog$)
[2024-07-10 01:01:36,395] INFO Completed load of Log(dir=C:\tmp\kraft-combined-logs\__transaction_state-21, topicId=NjKn4Re8TgW3dKrVfXAjUQ, topic=__transaction_state, partition=21, highWatermark=0, lastStableOffset=0, logStartOffset=0, logEndOffset=0) with 1 segments, local-log-start-offset 0 and log-end-offset 0 in 6ms (66/101 completed in C:\tmp\kraft-combined-logs) (kafka.log.LogManager)
[2024-07-10 01:01:36,398] INFO [LogLoader partition=__transaction_state-22, dir=C:\tmp\kraft-combined-logs] Recovering unflushed segment 0. 0/1 recovered for __transaction_state-22. (kafka.log.LogLoader)
[2024-07-10 01:01:36,398] INFO [LogLoader partition=__transaction_state-22, dir=C:\tmp\kraft-combined-logs] Loading producer state till offset 0 with message format version 2 (kafka.log.UnifiedLog$)
[2024-07-10 01:01:36,399] INFO [LogLoader partition=__transaction_state-22, dir=C:\tmp\kraft-combined-logs] Reloading from producer snapshot and rebuilding producer state from offset 0 (kafka.log.UnifiedLog$)
[2024-07-10 01:01:36,399] INFO [LogLoader partition=__transaction_state-22, dir=C:\tmp\kraft-combined-logs] Producer state recovery took 0ms for snapshot load and 0ms for segment recovery from offset 0 (kafka.log.UnifiedLog$)
[2024-07-10 01:01:36,401] INFO [LogLoader partition=__transaction_state-22, dir=C:\tmp\kraft-combined-logs] Loading producer state till offset 0 with message format version 2 (kafka.log.UnifiedLog$)
[2024-07-10 01:01:36,401] INFO [LogLoader partition=__transaction_state-22, dir=C:\tmp\kraft-combined-logs] Reloading from producer snapshot and rebuilding producer state from offset 0 (kafka.log.UnifiedLog$)
[2024-07-10 01:01:36,401] INFO [LogLoader partition=__transaction_state-22, dir=C:\tmp\kraft-combined-logs] Producer state recovery took 0ms for snapshot load and 0ms for segment recovery from offset 0 (kafka.log.UnifiedLog$)
[2024-07-10 01:01:36,402] INFO Completed load of Log(dir=C:\tmp\kraft-combined-logs\__transaction_state-22, topicId=NjKn4Re8TgW3dKrVfXAjUQ, topic=__transaction_state, partition=22, highWatermark=0, lastStableOffset=0, logStartOffset=0, logEndOffset=0) with 1 segments, local-log-start-offset 0 and log-end-offset 0 in 6ms (67/101 completed in C:\tmp\kraft-combined-logs) (kafka.log.LogManager)
[2024-07-10 01:01:36,404] INFO [LogLoader partition=__transaction_state-23, dir=C:\tmp\kraft-combined-logs] Recovering unflushed segment 0. 0/1 recovered for __transaction_state-23. (kafka.log.LogLoader)
[2024-07-10 01:01:36,405] INFO [LogLoader partition=__transaction_state-23, dir=C:\tmp\kraft-combined-logs] Loading producer state till offset 0 with message format version 2 (kafka.log.UnifiedLog$)
[2024-07-10 01:01:36,405] INFO [LogLoader partition=__transaction_state-23, dir=C:\tmp\kraft-combined-logs] Reloading from producer snapshot and rebuilding producer state from offset 0 (kafka.log.UnifiedLog$)
[2024-07-10 01:01:36,405] INFO [LogLoader partition=__transaction_state-23, dir=C:\tmp\kraft-combined-logs] Producer state recovery took 0ms for snapshot load and 0ms for segment recovery from offset 0 (kafka.log.UnifiedLog$)
[2024-07-10 01:01:36,408] INFO [LogLoader partition=__transaction_state-23, dir=C:\tmp\kraft-combined-logs] Loading producer state till offset 0 with message format version 2 (kafka.log.UnifiedLog$)
[2024-07-10 01:01:36,408] INFO [LogLoader partition=__transaction_state-23, dir=C:\tmp\kraft-combined-logs] Reloading from producer snapshot and rebuilding producer state from offset 0 (kafka.log.UnifiedLog$)
[2024-07-10 01:01:36,408] INFO [LogLoader partition=__transaction_state-23, dir=C:\tmp\kraft-combined-logs] Producer state recovery took 0ms for snapshot load and 0ms for segment recovery from offset 0 (kafka.log.UnifiedLog$)
[2024-07-10 01:01:36,408] INFO Completed load of Log(dir=C:\tmp\kraft-combined-logs\__transaction_state-23, topicId=NjKn4Re8TgW3dKrVfXAjUQ, topic=__transaction_state, partition=23, highWatermark=0, lastStableOffset=0, logStartOffset=0, logEndOffset=0) with 1 segments, local-log-start-offset 0 and log-end-offset 0 in 6ms (68/101 completed in C:\tmp\kraft-combined-logs) (kafka.log.LogManager)
[2024-07-10 01:01:36,411] INFO [LogLoader partition=__transaction_state-24, dir=C:\tmp\kraft-combined-logs] Recovering unflushed segment 0. 0/1 recovered for __transaction_state-24. (kafka.log.LogLoader)
[2024-07-10 01:01:36,411] INFO [LogLoader partition=__transaction_state-24, dir=C:\tmp\kraft-combined-logs] Loading producer state till offset 0 with message format version 2 (kafka.log.UnifiedLog$)
[2024-07-10 01:01:36,411] INFO [LogLoader partition=__transaction_state-24, dir=C:\tmp\kraft-combined-logs] Reloading from producer snapshot and rebuilding producer state from offset 0 (kafka.log.UnifiedLog$)
[2024-07-10 01:01:36,411] INFO [LogLoader partition=__transaction_state-24, dir=C:\tmp\kraft-combined-logs] Producer state recovery took 0ms for snapshot load and 0ms for segment recovery from offset 0 (kafka.log.UnifiedLog$)
[2024-07-10 01:01:36,414] INFO [LogLoader partition=__transaction_state-24, dir=C:\tmp\kraft-combined-logs] Loading producer state till offset 0 with message format version 2 (kafka.log.UnifiedLog$)
[2024-07-10 01:01:36,414] INFO [LogLoader partition=__transaction_state-24, dir=C:\tmp\kraft-combined-logs] Reloading from producer snapshot and rebuilding producer state from offset 0 (kafka.log.UnifiedLog$)
[2024-07-10 01:01:36,414] INFO [LogLoader partition=__transaction_state-24, dir=C:\tmp\kraft-combined-logs] Producer state recovery took 0ms for snapshot load and 0ms for segment recovery from offset 0 (kafka.log.UnifiedLog$)
[2024-07-10 01:01:36,415] INFO Completed load of Log(dir=C:\tmp\kraft-combined-logs\__transaction_state-24, topicId=NjKn4Re8TgW3dKrVfXAjUQ, topic=__transaction_state, partition=24, highWatermark=0, lastStableOffset=0, logStartOffset=0, logEndOffset=0) with 1 segments, local-log-start-offset 0 and log-end-offset 0 in 6ms (69/101 completed in C:\tmp\kraft-combined-logs) (kafka.log.LogManager)
[2024-07-10 01:01:36,417] INFO [LogLoader partition=__transaction_state-25, dir=C:\tmp\kraft-combined-logs] Recovering unflushed segment 0. 0/1 recovered for __transaction_state-25. (kafka.log.LogLoader)
[2024-07-10 01:01:36,418] INFO [LogLoader partition=__transaction_state-25, dir=C:\tmp\kraft-combined-logs] Loading producer state till offset 0 with message format version 2 (kafka.log.UnifiedLog$)
[2024-07-10 01:01:36,418] INFO [LogLoader partition=__transaction_state-25, dir=C:\tmp\kraft-combined-logs] Reloading from producer snapshot and rebuilding producer state from offset 0 (kafka.log.UnifiedLog$)
[2024-07-10 01:01:36,418] INFO [LogLoader partition=__transaction_state-25, dir=C:\tmp\kraft-combined-logs] Producer state recovery took 0ms for snapshot load and 0ms for segment recovery from offset 0 (kafka.log.UnifiedLog$)
[2024-07-10 01:01:36,421] INFO [LogLoader partition=__transaction_state-25, dir=C:\tmp\kraft-combined-logs] Loading producer state till offset 0 with message format version 2 (kafka.log.UnifiedLog$)
[2024-07-10 01:01:36,421] INFO [LogLoader partition=__transaction_state-25, dir=C:\tmp\kraft-combined-logs] Reloading from producer snapshot and rebuilding producer state from offset 0 (kafka.log.UnifiedLog$)
[2024-07-10 01:01:36,421] INFO [LogLoader partition=__transaction_state-25, dir=C:\tmp\kraft-combined-logs] Producer state recovery took 0ms for snapshot load and 0ms for segment recovery from offset 0 (kafka.log.UnifiedLog$)
[2024-07-10 01:01:36,422] INFO Completed load of Log(dir=C:\tmp\kraft-combined-logs\__transaction_state-25, topicId=NjKn4Re8TgW3dKrVfXAjUQ, topic=__transaction_state, partition=25, highWatermark=0, lastStableOffset=0, logStartOffset=0, logEndOffset=0) with 1 segments, local-log-start-offset 0 and log-end-offset 0 in 8ms (70/101 completed in C:\tmp\kraft-combined-logs) (kafka.log.LogManager)
[2024-07-10 01:01:36,426] INFO [LogLoader partition=__transaction_state-26, dir=C:\tmp\kraft-combined-logs] Recovering unflushed segment 0. 0/1 recovered for __transaction_state-26. (kafka.log.LogLoader)
[2024-07-10 01:01:36,426] INFO [LogLoader partition=__transaction_state-26, dir=C:\tmp\kraft-combined-logs] Loading producer state till offset 0 with message format version 2 (kafka.log.UnifiedLog$)
[2024-07-10 01:01:36,426] INFO [LogLoader partition=__transaction_state-26, dir=C:\tmp\kraft-combined-logs] Reloading from producer snapshot and rebuilding producer state from offset 0 (kafka.log.UnifiedLog$)
[2024-07-10 01:01:36,426] INFO [LogLoader partition=__transaction_state-26, dir=C:\tmp\kraft-combined-logs] Producer state recovery took 0ms for snapshot load and 0ms for segment recovery from offset 0 (kafka.log.UnifiedLog$)
[2024-07-10 01:01:36,430] INFO [LogLoader partition=__transaction_state-26, dir=C:\tmp\kraft-combined-logs] Loading producer state till offset 0 with message format version 2 (kafka.log.UnifiedLog$)
[2024-07-10 01:01:36,430] INFO [LogLoader partition=__transaction_state-26, dir=C:\tmp\kraft-combined-logs] Reloading from producer snapshot and rebuilding producer state from offset 0 (kafka.log.UnifiedLog$)
[2024-07-10 01:01:36,430] INFO [LogLoader partition=__transaction_state-26, dir=C:\tmp\kraft-combined-logs] Producer state recovery took 0ms for snapshot load and 0ms for segment recovery from offset 0 (kafka.log.UnifiedLog$)
[2024-07-10 01:01:36,431] INFO Completed load of Log(dir=C:\tmp\kraft-combined-logs\__transaction_state-26, topicId=NjKn4Re8TgW3dKrVfXAjUQ, topic=__transaction_state, partition=26, highWatermark=0, lastStableOffset=0, logStartOffset=0, logEndOffset=0) with 1 segments, local-log-start-offset 0 and log-end-offset 0 in 7ms (71/101 completed in C:\tmp\kraft-combined-logs) (kafka.log.LogManager)
[2024-07-10 01:01:36,433] INFO [LogLoader partition=__transaction_state-27, dir=C:\tmp\kraft-combined-logs] Recovering unflushed segment 0. 0/1 recovered for __transaction_state-27. (kafka.log.LogLoader)
[2024-07-10 01:01:36,434] INFO [LogLoader partition=__transaction_state-27, dir=C:\tmp\kraft-combined-logs] Loading producer state till offset 0 with message format version 2 (kafka.log.UnifiedLog$)
[2024-07-10 01:01:36,434] INFO [LogLoader partition=__transaction_state-27, dir=C:\tmp\kraft-combined-logs] Reloading from producer snapshot and rebuilding producer state from offset 0 (kafka.log.UnifiedLog$)
[2024-07-10 01:01:36,434] INFO [LogLoader partition=__transaction_state-27, dir=C:\tmp\kraft-combined-logs] Producer state recovery took 0ms for snapshot load and 0ms for segment recovery from offset 0 (kafka.log.UnifiedLog$)
[2024-07-10 01:01:36,438] INFO [LogLoader partition=__transaction_state-27, dir=C:\tmp\kraft-combined-logs] Loading producer state till offset 0 with message format version 2 (kafka.log.UnifiedLog$)
[2024-07-10 01:01:36,438] INFO [LogLoader partition=__transaction_state-27, dir=C:\tmp\kraft-combined-logs] Reloading from producer snapshot and rebuilding producer state from offset 0 (kafka.log.UnifiedLog$)
[2024-07-10 01:01:36,438] INFO [LogLoader partition=__transaction_state-27, dir=C:\tmp\kraft-combined-logs] Producer state recovery took 0ms for snapshot load and 0ms for segment recovery from offset 0 (kafka.log.UnifiedLog$)
[2024-07-10 01:01:36,438] INFO Completed load of Log(dir=C:\tmp\kraft-combined-logs\__transaction_state-27, topicId=NjKn4Re8TgW3dKrVfXAjUQ, topic=__transaction_state, partition=27, highWatermark=0, lastStableOffset=0, logStartOffset=0, logEndOffset=0) with 1 segments, local-log-start-offset 0 and log-end-offset 0 in 7ms (72/101 completed in C:\tmp\kraft-combined-logs) (kafka.log.LogManager)
[2024-07-10 01:01:36,441] INFO [LogLoader partition=__transaction_state-28, dir=C:\tmp\kraft-combined-logs] Recovering unflushed segment 0. 0/1 recovered for __transaction_state-28. (kafka.log.LogLoader)
[2024-07-10 01:01:36,442] INFO [LogLoader partition=__transaction_state-28, dir=C:\tmp\kraft-combined-logs] Loading producer state till offset 0 with message format version 2 (kafka.log.UnifiedLog$)
[2024-07-10 01:01:36,442] INFO [LogLoader partition=__transaction_state-28, dir=C:\tmp\kraft-combined-logs] Reloading from producer snapshot and rebuilding producer state from offset 0 (kafka.log.UnifiedLog$)
[2024-07-10 01:01:36,442] INFO [LogLoader partition=__transaction_state-28, dir=C:\tmp\kraft-combined-logs] Producer state recovery took 0ms for snapshot load and 0ms for segment recovery from offset 0 (kafka.log.UnifiedLog$)
[2024-07-10 01:01:36,445] INFO [LogLoader partition=__transaction_state-28, dir=C:\tmp\kraft-combined-logs] Loading producer state till offset 0 with message format version 2 (kafka.log.UnifiedLog$)
[2024-07-10 01:01:36,446] INFO [LogLoader partition=__transaction_state-28, dir=C:\tmp\kraft-combined-logs] Reloading from producer snapshot and rebuilding producer state from offset 0 (kafka.log.UnifiedLog$)
[2024-07-10 01:01:36,446] INFO [LogLoader partition=__transaction_state-28, dir=C:\tmp\kraft-combined-logs] Producer state recovery took 0ms for snapshot load and 0ms for segment recovery from offset 0 (kafka.log.UnifiedLog$)
[2024-07-10 01:01:36,447] INFO Completed load of Log(dir=C:\tmp\kraft-combined-logs\__transaction_state-28, topicId=NjKn4Re8TgW3dKrVfXAjUQ, topic=__transaction_state, partition=28, highWatermark=0, lastStableOffset=0, logStartOffset=0, logEndOffset=0) with 1 segments, local-log-start-offset 0 and log-end-offset 0 in 9ms (73/101 completed in C:\tmp\kraft-combined-logs) (kafka.log.LogManager)
[2024-07-10 01:01:36,450] INFO [LogLoader partition=__transaction_state-29, dir=C:\tmp\kraft-combined-logs] Recovering unflushed segment 0. 0/1 recovered for __transaction_state-29. (kafka.log.LogLoader)
[2024-07-10 01:01:36,450] INFO [LogLoader partition=__transaction_state-29, dir=C:\tmp\kraft-combined-logs] Loading producer state till offset 0 with message format version 2 (kafka.log.UnifiedLog$)
[2024-07-10 01:01:36,451] INFO [LogLoader partition=__transaction_state-29, dir=C:\tmp\kraft-combined-logs] Reloading from producer snapshot and rebuilding producer state from offset 0 (kafka.log.UnifiedLog$)
[2024-07-10 01:01:36,451] INFO [LogLoader partition=__transaction_state-29, dir=C:\tmp\kraft-combined-logs] Producer state recovery took 0ms for snapshot load and 0ms for segment recovery from offset 0 (kafka.log.UnifiedLog$)
[2024-07-10 01:01:36,454] INFO [LogLoader partition=__transaction_state-29, dir=C:\tmp\kraft-combined-logs] Loading producer state till offset 0 with message format version 2 (kafka.log.UnifiedLog$)
[2024-07-10 01:01:36,454] INFO [LogLoader partition=__transaction_state-29, dir=C:\tmp\kraft-combined-logs] Reloading from producer snapshot and rebuilding producer state from offset 0 (kafka.log.UnifiedLog$)
[2024-07-10 01:01:36,454] INFO [LogLoader partition=__transaction_state-29, dir=C:\tmp\kraft-combined-logs] Producer state recovery took 0ms for snapshot load and 0ms for segment recovery from offset 0 (kafka.log.UnifiedLog$)
[2024-07-10 01:01:36,455] INFO Completed load of Log(dir=C:\tmp\kraft-combined-logs\__transaction_state-29, topicId=NjKn4Re8TgW3dKrVfXAjUQ, topic=__transaction_state, partition=29, highWatermark=0, lastStableOffset=0, logStartOffset=0, logEndOffset=0) with 1 segments, local-log-start-offset 0 and log-end-offset 0 in 8ms (74/101 completed in C:\tmp\kraft-combined-logs) (kafka.log.LogManager)
[2024-07-10 01:01:36,458] INFO [LogLoader partition=__transaction_state-3, dir=C:\tmp\kraft-combined-logs] Recovering unflushed segment 0. 0/1 recovered for __transaction_state-3. (kafka.log.LogLoader)
[2024-07-10 01:01:36,458] INFO [LogLoader partition=__transaction_state-3, dir=C:\tmp\kraft-combined-logs] Loading producer state till offset 0 with message format version 2 (kafka.log.UnifiedLog$)
[2024-07-10 01:01:36,459] INFO [LogLoader partition=__transaction_state-3, dir=C:\tmp\kraft-combined-logs] Reloading from producer snapshot and rebuilding producer state from offset 0 (kafka.log.UnifiedLog$)
[2024-07-10 01:01:36,459] INFO [LogLoader partition=__transaction_state-3, dir=C:\tmp\kraft-combined-logs] Producer state recovery took 0ms for snapshot load and 0ms for segment recovery from offset 0 (kafka.log.UnifiedLog$)
[2024-07-10 01:01:36,462] INFO [LogLoader partition=__transaction_state-3, dir=C:\tmp\kraft-combined-logs] Loading producer state till offset 0 with message format version 2 (kafka.log.UnifiedLog$)
[2024-07-10 01:01:36,462] INFO [LogLoader partition=__transaction_state-3, dir=C:\tmp\kraft-combined-logs] Reloading from producer snapshot and rebuilding producer state from offset 0 (kafka.log.UnifiedLog$)
[2024-07-10 01:01:36,462] INFO [LogLoader partition=__transaction_state-3, dir=C:\tmp\kraft-combined-logs] Producer state recovery took 0ms for snapshot load and 0ms for segment recovery from offset 0 (kafka.log.UnifiedLog$)
[2024-07-10 01:01:36,463] INFO Completed load of Log(dir=C:\tmp\kraft-combined-logs\__transaction_state-3, topicId=NjKn4Re8TgW3dKrVfXAjUQ, topic=__transaction_state, partition=3, highWatermark=0, lastStableOffset=0, logStartOffset=0, logEndOffset=0) with 1 segments, local-log-start-offset 0 and log-end-offset 0 in 8ms (75/101 completed in C:\tmp\kraft-combined-logs) (kafka.log.LogManager)
[2024-07-10 01:01:36,466] INFO [LogLoader partition=__transaction_state-30, dir=C:\tmp\kraft-combined-logs] Recovering unflushed segment 0. 0/1 recovered for __transaction_state-30. (kafka.log.LogLoader)
[2024-07-10 01:01:36,466] INFO [LogLoader partition=__transaction_state-30, dir=C:\tmp\kraft-combined-logs] Loading producer state till offset 0 with message format version 2 (kafka.log.UnifiedLog$)
[2024-07-10 01:01:36,467] INFO [LogLoader partition=__transaction_state-30, dir=C:\tmp\kraft-combined-logs] Reloading from producer snapshot and rebuilding producer state from offset 0 (kafka.log.UnifiedLog$)
[2024-07-10 01:01:36,467] INFO [LogLoader partition=__transaction_state-30, dir=C:\tmp\kraft-combined-logs] Producer state recovery took 0ms for snapshot load and 0ms for segment recovery from offset 0 (kafka.log.UnifiedLog$)
[2024-07-10 01:01:36,471] INFO [LogLoader partition=__transaction_state-30, dir=C:\tmp\kraft-combined-logs] Loading producer state till offset 0 with message format version 2 (kafka.log.UnifiedLog$)
[2024-07-10 01:01:36,471] INFO [LogLoader partition=__transaction_state-30, dir=C:\tmp\kraft-combined-logs] Reloading from producer snapshot and rebuilding producer state from offset 0 (kafka.log.UnifiedLog$)
[2024-07-10 01:01:36,471] INFO [LogLoader partition=__transaction_state-30, dir=C:\tmp\kraft-combined-logs] Producer state recovery took 0ms for snapshot load and 0ms for segment recovery from offset 0 (kafka.log.UnifiedLog$)
[2024-07-10 01:01:36,472] INFO Completed load of Log(dir=C:\tmp\kraft-combined-logs\__transaction_state-30, topicId=NjKn4Re8TgW3dKrVfXAjUQ, topic=__transaction_state, partition=30, highWatermark=0, lastStableOffset=0, logStartOffset=0, logEndOffset=0) with 1 segments, local-log-start-offset 0 and log-end-offset 0 in 8ms (76/101 completed in C:\tmp\kraft-combined-logs) (kafka.log.LogManager)
[2024-07-10 01:01:36,475] INFO [LogLoader partition=__transaction_state-31, dir=C:\tmp\kraft-combined-logs] Recovering unflushed segment 0. 0/1 recovered for __transaction_state-31. (kafka.log.LogLoader)
[2024-07-10 01:01:36,475] INFO [LogLoader partition=__transaction_state-31, dir=C:\tmp\kraft-combined-logs] Loading producer state till offset 0 with message format version 2 (kafka.log.UnifiedLog$)
[2024-07-10 01:01:36,476] INFO [LogLoader partition=__transaction_state-31, dir=C:\tmp\kraft-combined-logs] Reloading from producer snapshot and rebuilding producer state from offset 0 (kafka.log.UnifiedLog$)
[2024-07-10 01:01:36,476] INFO [LogLoader partition=__transaction_state-31, dir=C:\tmp\kraft-combined-logs] Producer state recovery took 0ms for snapshot load and 0ms for segment recovery from offset 0 (kafka.log.UnifiedLog$)
[2024-07-10 01:01:36,479] INFO [LogLoader partition=__transaction_state-31, dir=C:\tmp\kraft-combined-logs] Loading producer state till offset 0 with message format version 2 (kafka.log.UnifiedLog$)
[2024-07-10 01:01:36,479] INFO [LogLoader partition=__transaction_state-31, dir=C:\tmp\kraft-combined-logs] Reloading from producer snapshot and rebuilding producer state from offset 0 (kafka.log.UnifiedLog$)
[2024-07-10 01:01:36,479] INFO [LogLoader partition=__transaction_state-31, dir=C:\tmp\kraft-combined-logs] Producer state recovery took 0ms for snapshot load and 0ms for segment recovery from offset 0 (kafka.log.UnifiedLog$)
[2024-07-10 01:01:36,480] INFO Completed load of Log(dir=C:\tmp\kraft-combined-logs\__transaction_state-31, topicId=NjKn4Re8TgW3dKrVfXAjUQ, topic=__transaction_state, partition=31, highWatermark=0, lastStableOffset=0, logStartOffset=0, logEndOffset=0) with 1 segments, local-log-start-offset 0 and log-end-offset 0 in 8ms (77/101 completed in C:\tmp\kraft-combined-logs) (kafka.log.LogManager)
[2024-07-10 01:01:36,480] INFO [BrokerLifecycleManager id=1] Unable to register broker 1 because the controller returned error DUPLICATE_BROKER_REGISTRATION (kafka.server.BrokerLifecycleManager)
[2024-07-10 01:01:36,483] INFO [LogLoader partition=__transaction_state-32, dir=C:\tmp\kraft-combined-logs] Recovering unflushed segment 0. 0/1 recovered for __transaction_state-32. (kafka.log.LogLoader)
[2024-07-10 01:01:36,483] INFO [LogLoader partition=__transaction_state-32, dir=C:\tmp\kraft-combined-logs] Loading producer state till offset 0 with message format version 2 (kafka.log.UnifiedLog$)
[2024-07-10 01:01:36,484] INFO [LogLoader partition=__transaction_state-32, dir=C:\tmp\kraft-combined-logs] Reloading from producer snapshot and rebuilding producer state from offset 0 (kafka.log.UnifiedLog$)
[2024-07-10 01:01:36,484] INFO [LogLoader partition=__transaction_state-32, dir=C:\tmp\kraft-combined-logs] Producer state recovery took 0ms for snapshot load and 0ms for segment recovery from offset 0 (kafka.log.UnifiedLog$)
[2024-07-10 01:01:36,486] INFO [LogLoader partition=__transaction_state-32, dir=C:\tmp\kraft-combined-logs] Loading producer state till offset 0 with message format version 2 (kafka.log.UnifiedLog$)
[2024-07-10 01:01:36,487] INFO [LogLoader partition=__transaction_state-32, dir=C:\tmp\kraft-combined-logs] Reloading from producer snapshot and rebuilding producer state from offset 0 (kafka.log.UnifiedLog$)
[2024-07-10 01:01:36,488] INFO [LogLoader partition=__transaction_state-32, dir=C:\tmp\kraft-combined-logs] Producer state recovery took 0ms for snapshot load and 0ms for segment recovery from offset 0 (kafka.log.UnifiedLog$)
[2024-07-10 01:01:36,488] INFO Completed load of Log(dir=C:\tmp\kraft-combined-logs\__transaction_state-32, topicId=NjKn4Re8TgW3dKrVfXAjUQ, topic=__transaction_state, partition=32, highWatermark=0, lastStableOffset=0, logStartOffset=0, logEndOffset=0) with 1 segments, local-log-start-offset 0 and log-end-offset 0 in 8ms (78/101 completed in C:\tmp\kraft-combined-logs) (kafka.log.LogManager)
[2024-07-10 01:01:36,490] INFO [LogLoader partition=__transaction_state-33, dir=C:\tmp\kraft-combined-logs] Recovering unflushed segment 0. 0/1 recovered for __transaction_state-33. (kafka.log.LogLoader)
[2024-07-10 01:01:36,491] INFO [LogLoader partition=__transaction_state-33, dir=C:\tmp\kraft-combined-logs] Loading producer state till offset 0 with message format version 2 (kafka.log.UnifiedLog$)
[2024-07-10 01:01:36,491] INFO [LogLoader partition=__transaction_state-33, dir=C:\tmp\kraft-combined-logs] Reloading from producer snapshot and rebuilding producer state from offset 0 (kafka.log.UnifiedLog$)
[2024-07-10 01:01:36,491] INFO [LogLoader partition=__transaction_state-33, dir=C:\tmp\kraft-combined-logs] Producer state recovery took 0ms for snapshot load and 0ms for segment recovery from offset 0 (kafka.log.UnifiedLog$)
[2024-07-10 01:01:36,493] INFO [LogLoader partition=__transaction_state-33, dir=C:\tmp\kraft-combined-logs] Loading producer state till offset 0 with message format version 2 (kafka.log.UnifiedLog$)
[2024-07-10 01:01:36,493] INFO [LogLoader partition=__transaction_state-33, dir=C:\tmp\kraft-combined-logs] Reloading from producer snapshot and rebuilding producer state from offset 0 (kafka.log.UnifiedLog$)
[2024-07-10 01:01:36,493] INFO [LogLoader partition=__transaction_state-33, dir=C:\tmp\kraft-combined-logs] Producer state recovery took 0ms for snapshot load and 0ms for segment recovery from offset 0 (kafka.log.UnifiedLog$)
[2024-07-10 01:01:36,493] INFO Completed load of Log(dir=C:\tmp\kraft-combined-logs\__transaction_state-33, topicId=NjKn4Re8TgW3dKrVfXAjUQ, topic=__transaction_state, partition=33, highWatermark=0, lastStableOffset=0, logStartOffset=0, logEndOffset=0) with 1 segments, local-log-start-offset 0 and log-end-offset 0 in 5ms (79/101 completed in C:\tmp\kraft-combined-logs) (kafka.log.LogManager)
[2024-07-10 01:01:36,496] INFO [LogLoader partition=__transaction_state-34, dir=C:\tmp\kraft-combined-logs] Recovering unflushed segment 0. 0/1 recovered for __transaction_state-34. (kafka.log.LogLoader)
[2024-07-10 01:01:36,496] INFO [LogLoader partition=__transaction_state-34, dir=C:\tmp\kraft-combined-logs] Loading producer state till offset 0 with message format version 2 (kafka.log.UnifiedLog$)
[2024-07-10 01:01:36,496] INFO [LogLoader partition=__transaction_state-34, dir=C:\tmp\kraft-combined-logs] Reloading from producer snapshot and rebuilding producer state from offset 0 (kafka.log.UnifiedLog$)
[2024-07-10 01:01:36,496] INFO [LogLoader partition=__transaction_state-34, dir=C:\tmp\kraft-combined-logs] Producer state recovery took 0ms for snapshot load and 0ms for segment recovery from offset 0 (kafka.log.UnifiedLog$)
[2024-07-10 01:01:36,499] INFO [LogLoader partition=__transaction_state-34, dir=C:\tmp\kraft-combined-logs] Loading producer state till offset 0 with message format version 2 (kafka.log.UnifiedLog$)
[2024-07-10 01:01:36,500] INFO [LogLoader partition=__transaction_state-34, dir=C:\tmp\kraft-combined-logs] Reloading from producer snapshot and rebuilding producer state from offset 0 (kafka.log.UnifiedLog$)
[2024-07-10 01:01:36,500] INFO [LogLoader partition=__transaction_state-34, dir=C:\tmp\kraft-combined-logs] Producer state recovery took 0ms for snapshot load and 0ms for segment recovery from offset 0 (kafka.log.UnifiedLog$)
[2024-07-10 01:01:36,500] INFO Completed load of Log(dir=C:\tmp\kraft-combined-logs\__transaction_state-34, topicId=NjKn4Re8TgW3dKrVfXAjUQ, topic=__transaction_state, partition=34, highWatermark=0, lastStableOffset=0, logStartOffset=0, logEndOffset=0) with 1 segments, local-log-start-offset 0 and log-end-offset 0 in 6ms (80/101 completed in C:\tmp\kraft-combined-logs) (kafka.log.LogManager)
[2024-07-10 01:01:36,502] INFO [LogLoader partition=__transaction_state-35, dir=C:\tmp\kraft-combined-logs] Recovering unflushed segment 0. 0/1 recovered for __transaction_state-35. (kafka.log.LogLoader)
[2024-07-10 01:01:36,502] INFO [LogLoader partition=__transaction_state-35, dir=C:\tmp\kraft-combined-logs] Loading producer state till offset 0 with message format version 2 (kafka.log.UnifiedLog$)
[2024-07-10 01:01:36,503] INFO [LogLoader partition=__transaction_state-35, dir=C:\tmp\kraft-combined-logs] Reloading from producer snapshot and rebuilding producer state from offset 0 (kafka.log.UnifiedLog$)
[2024-07-10 01:01:36,503] INFO [LogLoader partition=__transaction_state-35, dir=C:\tmp\kraft-combined-logs] Producer state recovery took 0ms for snapshot load and 0ms for segment recovery from offset 0 (kafka.log.UnifiedLog$)
[2024-07-10 01:01:36,505] INFO [LogLoader partition=__transaction_state-35, dir=C:\tmp\kraft-combined-logs] Loading producer state till offset 0 with message format version 2 (kafka.log.UnifiedLog$)
[2024-07-10 01:01:36,505] INFO [LogLoader partition=__transaction_state-35, dir=C:\tmp\kraft-combined-logs] Reloading from producer snapshot and rebuilding producer state from offset 0 (kafka.log.UnifiedLog$)
[2024-07-10 01:01:36,505] INFO [LogLoader partition=__transaction_state-35, dir=C:\tmp\kraft-combined-logs] Producer state recovery took 0ms for snapshot load and 0ms for segment recovery from offset 0 (kafka.log.UnifiedLog$)
[2024-07-10 01:01:36,506] INFO Completed load of Log(dir=C:\tmp\kraft-combined-logs\__transaction_state-35, topicId=NjKn4Re8TgW3dKrVfXAjUQ, topic=__transaction_state, partition=35, highWatermark=0, lastStableOffset=0, logStartOffset=0, logEndOffset=0) with 1 segments, local-log-start-offset 0 and log-end-offset 0 in 6ms (81/101 completed in C:\tmp\kraft-combined-logs) (kafka.log.LogManager)
[2024-07-10 01:01:36,508] INFO [LogLoader partition=__transaction_state-36, dir=C:\tmp\kraft-combined-logs] Recovering unflushed segment 0. 0/1 recovered for __transaction_state-36. (kafka.log.LogLoader)
[2024-07-10 01:01:36,508] INFO [LogLoader partition=__transaction_state-36, dir=C:\tmp\kraft-combined-logs] Loading producer state till offset 0 with message format version 2 (kafka.log.UnifiedLog$)
[2024-07-10 01:01:36,508] INFO [LogLoader partition=__transaction_state-36, dir=C:\tmp\kraft-combined-logs] Reloading from producer snapshot and rebuilding producer state from offset 0 (kafka.log.UnifiedLog$)
[2024-07-10 01:01:36,509] INFO [LogLoader partition=__transaction_state-36, dir=C:\tmp\kraft-combined-logs] Producer state recovery took 1ms for snapshot load and 0ms for segment recovery from offset 0 (kafka.log.UnifiedLog$)
[2024-07-10 01:01:36,511] INFO [LogLoader partition=__transaction_state-36, dir=C:\tmp\kraft-combined-logs] Loading producer state till offset 0 with message format version 2 (kafka.log.UnifiedLog$)
[2024-07-10 01:01:36,511] INFO [LogLoader partition=__transaction_state-36, dir=C:\tmp\kraft-combined-logs] Reloading from producer snapshot and rebuilding producer state from offset 0 (kafka.log.UnifiedLog$)
[2024-07-10 01:01:36,511] INFO [LogLoader partition=__transaction_state-36, dir=C:\tmp\kraft-combined-logs] Producer state recovery took 0ms for snapshot load and 0ms for segment recovery from offset 0 (kafka.log.UnifiedLog$)
[2024-07-10 01:01:36,512] INFO Completed load of Log(dir=C:\tmp\kraft-combined-logs\__transaction_state-36, topicId=NjKn4Re8TgW3dKrVfXAjUQ, topic=__transaction_state, partition=36, highWatermark=0, lastStableOffset=0, logStartOffset=0, logEndOffset=0) with 1 segments, local-log-start-offset 0 and log-end-offset 0 in 6ms (82/101 completed in C:\tmp\kraft-combined-logs) (kafka.log.LogManager)
[2024-07-10 01:01:36,514] INFO [LogLoader partition=__transaction_state-37, dir=C:\tmp\kraft-combined-logs] Recovering unflushed segment 0. 0/1 recovered for __transaction_state-37. (kafka.log.LogLoader)
[2024-07-10 01:01:36,515] INFO [LogLoader partition=__transaction_state-37, dir=C:\tmp\kraft-combined-logs] Loading producer state till offset 0 with message format version 2 (kafka.log.UnifiedLog$)
[2024-07-10 01:01:36,515] INFO [LogLoader partition=__transaction_state-37, dir=C:\tmp\kraft-combined-logs] Reloading from producer snapshot and rebuilding producer state from offset 0 (kafka.log.UnifiedLog$)
[2024-07-10 01:01:36,515] INFO [LogLoader partition=__transaction_state-37, dir=C:\tmp\kraft-combined-logs] Producer state recovery took 0ms for snapshot load and 0ms for segment recovery from offset 0 (kafka.log.UnifiedLog$)
[2024-07-10 01:01:36,519] INFO [LogLoader partition=__transaction_state-37, dir=C:\tmp\kraft-combined-logs] Loading producer state till offset 0 with message format version 2 (kafka.log.UnifiedLog$)
[2024-07-10 01:01:36,519] INFO [LogLoader partition=__transaction_state-37, dir=C:\tmp\kraft-combined-logs] Reloading from producer snapshot and rebuilding producer state from offset 0 (kafka.log.UnifiedLog$)
[2024-07-10 01:01:36,519] INFO [LogLoader partition=__transaction_state-37, dir=C:\tmp\kraft-combined-logs] Producer state recovery took 0ms for snapshot load and 0ms for segment recovery from offset 0 (kafka.log.UnifiedLog$)
[2024-07-10 01:01:36,519] INFO Completed load of Log(dir=C:\tmp\kraft-combined-logs\__transaction_state-37, topicId=NjKn4Re8TgW3dKrVfXAjUQ, topic=__transaction_state, partition=37, highWatermark=0, lastStableOffset=0, logStartOffset=0, logEndOffset=0) with 1 segments, local-log-start-offset 0 and log-end-offset 0 in 7ms (83/101 completed in C:\tmp\kraft-combined-logs) (kafka.log.LogManager)
[2024-07-10 01:01:36,522] INFO [LogLoader partition=__transaction_state-38, dir=C:\tmp\kraft-combined-logs] Recovering unflushed segment 0. 0/1 recovered for __transaction_state-38. (kafka.log.LogLoader)
[2024-07-10 01:01:36,522] INFO [LogLoader partition=__transaction_state-38, dir=C:\tmp\kraft-combined-logs] Loading producer state till offset 0 with message format version 2 (kafka.log.UnifiedLog$)
[2024-07-10 01:01:36,522] INFO [LogLoader partition=__transaction_state-38, dir=C:\tmp\kraft-combined-logs] Reloading from producer snapshot and rebuilding producer state from offset 0 (kafka.log.UnifiedLog$)
[2024-07-10 01:01:36,522] INFO [LogLoader partition=__transaction_state-38, dir=C:\tmp\kraft-combined-logs] Producer state recovery took 0ms for snapshot load and 0ms for segment recovery from offset 0 (kafka.log.UnifiedLog$)
[2024-07-10 01:01:36,525] INFO [LogLoader partition=__transaction_state-38, dir=C:\tmp\kraft-combined-logs] Loading producer state till offset 0 with message format version 2 (kafka.log.UnifiedLog$)
[2024-07-10 01:01:36,526] INFO [LogLoader partition=__transaction_state-38, dir=C:\tmp\kraft-combined-logs] Reloading from producer snapshot and rebuilding producer state from offset 0 (kafka.log.UnifiedLog$)
[2024-07-10 01:01:36,526] INFO [LogLoader partition=__transaction_state-38, dir=C:\tmp\kraft-combined-logs] Producer state recovery took 0ms for snapshot load and 0ms for segment recovery from offset 0 (kafka.log.UnifiedLog$)
[2024-07-10 01:01:36,526] INFO Completed load of Log(dir=C:\tmp\kraft-combined-logs\__transaction_state-38, topicId=NjKn4Re8TgW3dKrVfXAjUQ, topic=__transaction_state, partition=38, highWatermark=0, lastStableOffset=0, logStartOffset=0, logEndOffset=0) with 1 segments, local-log-start-offset 0 and log-end-offset 0 in 7ms (84/101 completed in C:\tmp\kraft-combined-logs) (kafka.log.LogManager)
[2024-07-10 01:01:36,529] INFO [LogLoader partition=__transaction_state-39, dir=C:\tmp\kraft-combined-logs] Recovering unflushed segment 0. 0/1 recovered for __transaction_state-39. (kafka.log.LogLoader)
[2024-07-10 01:01:36,530] INFO [LogLoader partition=__transaction_state-39, dir=C:\tmp\kraft-combined-logs] Loading producer state till offset 0 with message format version 2 (kafka.log.UnifiedLog$)
[2024-07-10 01:01:36,530] INFO [LogLoader partition=__transaction_state-39, dir=C:\tmp\kraft-combined-logs] Reloading from producer snapshot and rebuilding producer state from offset 0 (kafka.log.UnifiedLog$)
[2024-07-10 01:01:36,530] INFO [LogLoader partition=__transaction_state-39, dir=C:\tmp\kraft-combined-logs] Producer state recovery took 0ms for snapshot load and 0ms for segment recovery from offset 0 (kafka.log.UnifiedLog$)
[2024-07-10 01:01:36,532] INFO [LogLoader partition=__transaction_state-39, dir=C:\tmp\kraft-combined-logs] Loading producer state till offset 0 with message format version 2 (kafka.log.UnifiedLog$)
[2024-07-10 01:01:36,533] INFO [LogLoader partition=__transaction_state-39, dir=C:\tmp\kraft-combined-logs] Reloading from producer snapshot and rebuilding producer state from offset 0 (kafka.log.UnifiedLog$)
[2024-07-10 01:01:36,533] INFO [LogLoader partition=__transaction_state-39, dir=C:\tmp\kraft-combined-logs] Producer state recovery took 0ms for snapshot load and 0ms for segment recovery from offset 0 (kafka.log.UnifiedLog$)
[2024-07-10 01:01:36,533] INFO Completed load of Log(dir=C:\tmp\kraft-combined-logs\__transaction_state-39, topicId=NjKn4Re8TgW3dKrVfXAjUQ, topic=__transaction_state, partition=39, highWatermark=0, lastStableOffset=0, logStartOffset=0, logEndOffset=0) with 1 segments, local-log-start-offset 0 and log-end-offset 0 in 7ms (85/101 completed in C:\tmp\kraft-combined-logs) (kafka.log.LogManager)
[2024-07-10 01:01:36,536] INFO [LogLoader partition=__transaction_state-4, dir=C:\tmp\kraft-combined-logs] Recovering unflushed segment 0. 0/1 recovered for __transaction_state-4. (kafka.log.LogLoader)
[2024-07-10 01:01:36,536] INFO [LogLoader partition=__transaction_state-4, dir=C:\tmp\kraft-combined-logs] Loading producer state till offset 0 with message format version 2 (kafka.log.UnifiedLog$)
[2024-07-10 01:01:36,536] INFO [LogLoader partition=__transaction_state-4, dir=C:\tmp\kraft-combined-logs] Reloading from producer snapshot and rebuilding producer state from offset 0 (kafka.log.UnifiedLog$)
[2024-07-10 01:01:36,536] INFO [LogLoader partition=__transaction_state-4, dir=C:\tmp\kraft-combined-logs] Producer state recovery took 0ms for snapshot load and 0ms for segment recovery from offset 0 (kafka.log.UnifiedLog$)
[2024-07-10 01:01:36,538] INFO [LogLoader partition=__transaction_state-4, dir=C:\tmp\kraft-combined-logs] Loading producer state till offset 0 with message format version 2 (kafka.log.UnifiedLog$)
[2024-07-10 01:01:36,538] INFO [LogLoader partition=__transaction_state-4, dir=C:\tmp\kraft-combined-logs] Reloading from producer snapshot and rebuilding producer state from offset 0 (kafka.log.UnifiedLog$)
[2024-07-10 01:01:36,539] INFO [LogLoader partition=__transaction_state-4, dir=C:\tmp\kraft-combined-logs] Producer state recovery took 1ms for snapshot load and 0ms for segment recovery from offset 0 (kafka.log.UnifiedLog$)
[2024-07-10 01:01:36,539] INFO Completed load of Log(dir=C:\tmp\kraft-combined-logs\__transaction_state-4, topicId=NjKn4Re8TgW3dKrVfXAjUQ, topic=__transaction_state, partition=4, highWatermark=0, lastStableOffset=0, logStartOffset=0, logEndOffset=0) with 1 segments, local-log-start-offset 0 and log-end-offset 0 in 6ms (86/101 completed in C:\tmp\kraft-combined-logs) (kafka.log.LogManager)
[2024-07-10 01:01:36,542] INFO [LogLoader partition=__transaction_state-40, dir=C:\tmp\kraft-combined-logs] Recovering unflushed segment 0. 0/1 recovered for __transaction_state-40. (kafka.log.LogLoader)
[2024-07-10 01:01:36,542] INFO [LogLoader partition=__transaction_state-40, dir=C:\tmp\kraft-combined-logs] Loading producer state till offset 0 with message format version 2 (kafka.log.UnifiedLog$)
[2024-07-10 01:01:36,542] INFO [LogLoader partition=__transaction_state-40, dir=C:\tmp\kraft-combined-logs] Reloading from producer snapshot and rebuilding producer state from offset 0 (kafka.log.UnifiedLog$)
[2024-07-10 01:01:36,542] INFO [LogLoader partition=__transaction_state-40, dir=C:\tmp\kraft-combined-logs] Producer state recovery took 0ms for snapshot load and 0ms for segment recovery from offset 0 (kafka.log.UnifiedLog$)
[2024-07-10 01:01:36,544] INFO [LogLoader partition=__transaction_state-40, dir=C:\tmp\kraft-combined-logs] Loading producer state till offset 0 with message format version 2 (kafka.log.UnifiedLog$)
[2024-07-10 01:01:36,545] INFO [LogLoader partition=__transaction_state-40, dir=C:\tmp\kraft-combined-logs] Reloading from producer snapshot and rebuilding producer state from offset 0 (kafka.log.UnifiedLog$)
[2024-07-10 01:01:36,545] INFO [LogLoader partition=__transaction_state-40, dir=C:\tmp\kraft-combined-logs] Producer state recovery took 0ms for snapshot load and 0ms for segment recovery from offset 0 (kafka.log.UnifiedLog$)
[2024-07-10 01:01:36,545] INFO Completed load of Log(dir=C:\tmp\kraft-combined-logs\__transaction_state-40, topicId=NjKn4Re8TgW3dKrVfXAjUQ, topic=__transaction_state, partition=40, highWatermark=0, lastStableOffset=0, logStartOffset=0, logEndOffset=0) with 1 segments, local-log-start-offset 0 and log-end-offset 0 in 6ms (87/101 completed in C:\tmp\kraft-combined-logs) (kafka.log.LogManager)
[2024-07-10 01:01:36,547] INFO [LogLoader partition=__transaction_state-41, dir=C:\tmp\kraft-combined-logs] Recovering unflushed segment 0. 0/1 recovered for __transaction_state-41. (kafka.log.LogLoader)
[2024-07-10 01:01:36,548] INFO [LogLoader partition=__transaction_state-41, dir=C:\tmp\kraft-combined-logs] Loading producer state till offset 0 with message format version 2 (kafka.log.UnifiedLog$)
[2024-07-10 01:01:36,548] INFO [LogLoader partition=__transaction_state-41, dir=C:\tmp\kraft-combined-logs] Reloading from producer snapshot and rebuilding producer state from offset 0 (kafka.log.UnifiedLog$)
[2024-07-10 01:01:36,548] INFO [LogLoader partition=__transaction_state-41, dir=C:\tmp\kraft-combined-logs] Producer state recovery took 0ms for snapshot load and 0ms for segment recovery from offset 0 (kafka.log.UnifiedLog$)
[2024-07-10 01:01:36,550] INFO [LogLoader partition=__transaction_state-41, dir=C:\tmp\kraft-combined-logs] Loading producer state till offset 0 with message format version 2 (kafka.log.UnifiedLog$)
[2024-07-10 01:01:36,550] INFO [LogLoader partition=__transaction_state-41, dir=C:\tmp\kraft-combined-logs] Reloading from producer snapshot and rebuilding producer state from offset 0 (kafka.log.UnifiedLog$)
[2024-07-10 01:01:36,550] INFO [LogLoader partition=__transaction_state-41, dir=C:\tmp\kraft-combined-logs] Producer state recovery took 0ms for snapshot load and 0ms for segment recovery from offset 0 (kafka.log.UnifiedLog$)
[2024-07-10 01:01:36,550] INFO Completed load of Log(dir=C:\tmp\kraft-combined-logs\__transaction_state-41, topicId=NjKn4Re8TgW3dKrVfXAjUQ, topic=__transaction_state, partition=41, highWatermark=0, lastStableOffset=0, logStartOffset=0, logEndOffset=0) with 1 segments, local-log-start-offset 0 and log-end-offset 0 in 5ms (88/101 completed in C:\tmp\kraft-combined-logs) (kafka.log.LogManager)
[2024-07-10 01:01:36,557] INFO [LogLoader partition=__transaction_state-42, dir=C:\tmp\kraft-combined-logs] Recovering unflushed segment 0. 0/1 recovered for __transaction_state-42. (kafka.log.LogLoader)
[2024-07-10 01:01:36,557] INFO [LogLoader partition=__transaction_state-42, dir=C:\tmp\kraft-combined-logs] Loading producer state till offset 0 with message format version 2 (kafka.log.UnifiedLog$)
[2024-07-10 01:01:36,557] INFO [LogLoader partition=__transaction_state-42, dir=C:\tmp\kraft-combined-logs] Reloading from producer snapshot and rebuilding producer state from offset 0 (kafka.log.UnifiedLog$)
[2024-07-10 01:01:36,558] INFO Deleted producer state snapshot C:\tmp\kraft-combined-logs\__transaction_state-42\00000000000000000004.snapshot (org.apache.kafka.storage.internals.log.SnapshotFile)
[2024-07-10 01:01:36,558] INFO [LogLoader partition=__transaction_state-42, dir=C:\tmp\kraft-combined-logs] Producer state recovery took 0ms for snapshot load and 0ms for segment recovery from offset 0 (kafka.log.UnifiedLog$)
[2024-07-10 01:01:36,561] INFO [ProducerStateManager partition=__transaction_state-42] Wrote producer snapshot at offset 4 with 0 producer ids in 1 ms. (org.apache.kafka.storage.internals.log.ProducerStateManager)
[2024-07-10 01:01:36,564] INFO [LogLoader partition=__transaction_state-42, dir=C:\tmp\kraft-combined-logs] Loading producer state till offset 4 with message format version 2 (kafka.log.UnifiedLog$)
[2024-07-10 01:01:36,564] INFO [LogLoader partition=__transaction_state-42, dir=C:\tmp\kraft-combined-logs] Reloading from producer snapshot and rebuilding producer state from offset 4 (kafka.log.UnifiedLog$)
[2024-07-10 01:01:36,564] INFO [ProducerStateManager partition=__transaction_state-42] Loading producer state from snapshot file 'SnapshotFile(offset=4, file=C:\tmp\kraft-combined-logs\__transaction_state-42\00000000000000000004.snapshot)' (org.apache.kafka.storage.internals.log.ProducerStateManager)
[2024-07-10 01:01:36,565] INFO [LogLoader partition=__transaction_state-42, dir=C:\tmp\kraft-combined-logs] Producer state recovery took 1ms for snapshot load and 0ms for segment recovery from offset 4 (kafka.log.UnifiedLog$)
[2024-07-10 01:01:36,565] INFO Completed load of Log(dir=C:\tmp\kraft-combined-logs\__transaction_state-42, topicId=NjKn4Re8TgW3dKrVfXAjUQ, topic=__transaction_state, partition=42, highWatermark=0, lastStableOffset=0, logStartOffset=0, logEndOffset=4) with 1 segments, local-log-start-offset 0 and log-end-offset 4 in 14ms (89/101 completed in C:\tmp\kraft-combined-logs) (kafka.log.LogManager)
[2024-07-10 01:01:36,568] INFO [LogLoader partition=__transaction_state-43, dir=C:\tmp\kraft-combined-logs] Recovering unflushed segment 0. 0/1 recovered for __transaction_state-43. (kafka.log.LogLoader)
[2024-07-10 01:01:36,568] INFO [LogLoader partition=__transaction_state-43, dir=C:\tmp\kraft-combined-logs] Loading producer state till offset 0 with message format version 2 (kafka.log.UnifiedLog$)
[2024-07-10 01:01:36,568] INFO [LogLoader partition=__transaction_state-43, dir=C:\tmp\kraft-combined-logs] Reloading from producer snapshot and rebuilding producer state from offset 0 (kafka.log.UnifiedLog$)
[2024-07-10 01:01:36,568] INFO [LogLoader partition=__transaction_state-43, dir=C:\tmp\kraft-combined-logs] Producer state recovery took 0ms for snapshot load and 0ms for segment recovery from offset 0 (kafka.log.UnifiedLog$)
[2024-07-10 01:01:36,570] INFO [LogLoader partition=__transaction_state-43, dir=C:\tmp\kraft-combined-logs] Loading producer state till offset 0 with message format version 2 (kafka.log.UnifiedLog$)
[2024-07-10 01:01:36,570] INFO [LogLoader partition=__transaction_state-43, dir=C:\tmp\kraft-combined-logs] Reloading from producer snapshot and rebuilding producer state from offset 0 (kafka.log.UnifiedLog$)
[2024-07-10 01:01:36,570] INFO [LogLoader partition=__transaction_state-43, dir=C:\tmp\kraft-combined-logs] Producer state recovery took 0ms for snapshot load and 0ms for segment recovery from offset 0 (kafka.log.UnifiedLog$)
[2024-07-10 01:01:36,571] INFO Completed load of Log(dir=C:\tmp\kraft-combined-logs\__transaction_state-43, topicId=NjKn4Re8TgW3dKrVfXAjUQ, topic=__transaction_state, partition=43, highWatermark=0, lastStableOffset=0, logStartOffset=0, logEndOffset=0) with 1 segments, local-log-start-offset 0 and log-end-offset 0 in 5ms (90/101 completed in C:\tmp\kraft-combined-logs) (kafka.log.LogManager)
[2024-07-10 01:01:36,573] INFO [LogLoader partition=__transaction_state-44, dir=C:\tmp\kraft-combined-logs] Recovering unflushed segment 0. 0/1 recovered for __transaction_state-44. (kafka.log.LogLoader)
[2024-07-10 01:01:36,574] INFO [LogLoader partition=__transaction_state-44, dir=C:\tmp\kraft-combined-logs] Loading producer state till offset 0 with message format version 2 (kafka.log.UnifiedLog$)
[2024-07-10 01:01:36,574] INFO [LogLoader partition=__transaction_state-44, dir=C:\tmp\kraft-combined-logs] Reloading from producer snapshot and rebuilding producer state from offset 0 (kafka.log.UnifiedLog$)
[2024-07-10 01:01:36,574] INFO [LogLoader partition=__transaction_state-44, dir=C:\tmp\kraft-combined-logs] Producer state recovery took 0ms for snapshot load and 0ms for segment recovery from offset 0 (kafka.log.UnifiedLog$)
[2024-07-10 01:01:36,576] INFO [LogLoader partition=__transaction_state-44, dir=C:\tmp\kraft-combined-logs] Loading producer state till offset 0 with message format version 2 (kafka.log.UnifiedLog$)
[2024-07-10 01:01:36,576] INFO [LogLoader partition=__transaction_state-44, dir=C:\tmp\kraft-combined-logs] Reloading from producer snapshot and rebuilding producer state from offset 0 (kafka.log.UnifiedLog$)
[2024-07-10 01:01:36,576] INFO [LogLoader partition=__transaction_state-44, dir=C:\tmp\kraft-combined-logs] Producer state recovery took 0ms for snapshot load and 0ms for segment recovery from offset 0 (kafka.log.UnifiedLog$)
[2024-07-10 01:01:36,577] INFO Completed load of Log(dir=C:\tmp\kraft-combined-logs\__transaction_state-44, topicId=NjKn4Re8TgW3dKrVfXAjUQ, topic=__transaction_state, partition=44, highWatermark=0, lastStableOffset=0, logStartOffset=0, logEndOffset=0) with 1 segments, local-log-start-offset 0 and log-end-offset 0 in 6ms (91/101 completed in C:\tmp\kraft-combined-logs) (kafka.log.LogManager)
[2024-07-10 01:01:36,579] INFO [LogLoader partition=__transaction_state-45, dir=C:\tmp\kraft-combined-logs] Recovering unflushed segment 0. 0/1 recovered for __transaction_state-45. (kafka.log.LogLoader)
[2024-07-10 01:01:36,580] INFO [LogLoader partition=__transaction_state-45, dir=C:\tmp\kraft-combined-logs] Loading producer state till offset 0 with message format version 2 (kafka.log.UnifiedLog$)
[2024-07-10 01:01:36,580] INFO [LogLoader partition=__transaction_state-45, dir=C:\tmp\kraft-combined-logs] Reloading from producer snapshot and rebuilding producer state from offset 0 (kafka.log.UnifiedLog$)
[2024-07-10 01:01:36,580] INFO [LogLoader partition=__transaction_state-45, dir=C:\tmp\kraft-combined-logs] Producer state recovery took 0ms for snapshot load and 0ms for segment recovery from offset 0 (kafka.log.UnifiedLog$)
[2024-07-10 01:01:36,582] INFO [LogLoader partition=__transaction_state-45, dir=C:\tmp\kraft-combined-logs] Loading producer state till offset 0 with message format version 2 (kafka.log.UnifiedLog$)
[2024-07-10 01:01:36,582] INFO [LogLoader partition=__transaction_state-45, dir=C:\tmp\kraft-combined-logs] Reloading from producer snapshot and rebuilding producer state from offset 0 (kafka.log.UnifiedLog$)
[2024-07-10 01:01:36,582] INFO [LogLoader partition=__transaction_state-45, dir=C:\tmp\kraft-combined-logs] Producer state recovery took 0ms for snapshot load and 0ms for segment recovery from offset 0 (kafka.log.UnifiedLog$)
[2024-07-10 01:01:36,583] INFO Completed load of Log(dir=C:\tmp\kraft-combined-logs\__transaction_state-45, topicId=NjKn4Re8TgW3dKrVfXAjUQ, topic=__transaction_state, partition=45, highWatermark=0, lastStableOffset=0, logStartOffset=0, logEndOffset=0) with 1 segments, local-log-start-offset 0 and log-end-offset 0 in 6ms (92/101 completed in C:\tmp\kraft-combined-logs) (kafka.log.LogManager)
[2024-07-10 01:01:36,585] INFO [LogLoader partition=__transaction_state-46, dir=C:\tmp\kraft-combined-logs] Recovering unflushed segment 0. 0/1 recovered for __transaction_state-46. (kafka.log.LogLoader)
[2024-07-10 01:01:36,585] INFO [LogLoader partition=__transaction_state-46, dir=C:\tmp\kraft-combined-logs] Loading producer state till offset 0 with message format version 2 (kafka.log.UnifiedLog$)
[2024-07-10 01:01:36,585] INFO [LogLoader partition=__transaction_state-46, dir=C:\tmp\kraft-combined-logs] Reloading from producer snapshot and rebuilding producer state from offset 0 (kafka.log.UnifiedLog$)
[2024-07-10 01:01:36,585] INFO [LogLoader partition=__transaction_state-46, dir=C:\tmp\kraft-combined-logs] Producer state recovery took 0ms for snapshot load and 0ms for segment recovery from offset 0 (kafka.log.UnifiedLog$)
[2024-07-10 01:01:36,587] INFO [LogLoader partition=__transaction_state-46, dir=C:\tmp\kraft-combined-logs] Loading producer state till offset 0 with message format version 2 (kafka.log.UnifiedLog$)
[2024-07-10 01:01:36,588] INFO [LogLoader partition=__transaction_state-46, dir=C:\tmp\kraft-combined-logs] Reloading from producer snapshot and rebuilding producer state from offset 0 (kafka.log.UnifiedLog$)
[2024-07-10 01:01:36,588] INFO [LogLoader partition=__transaction_state-46, dir=C:\tmp\kraft-combined-logs] Producer state recovery took 0ms for snapshot load and 0ms for segment recovery from offset 0 (kafka.log.UnifiedLog$)
[2024-07-10 01:01:36,588] INFO Completed load of Log(dir=C:\tmp\kraft-combined-logs\__transaction_state-46, topicId=NjKn4Re8TgW3dKrVfXAjUQ, topic=__transaction_state, partition=46, highWatermark=0, lastStableOffset=0, logStartOffset=0, logEndOffset=0) with 1 segments, local-log-start-offset 0 and log-end-offset 0 in 6ms (93/101 completed in C:\tmp\kraft-combined-logs) (kafka.log.LogManager)
[2024-07-10 01:01:36,591] INFO [LogLoader partition=__transaction_state-47, dir=C:\tmp\kraft-combined-logs] Recovering unflushed segment 0. 0/1 recovered for __transaction_state-47. (kafka.log.LogLoader)
[2024-07-10 01:01:36,591] INFO [LogLoader partition=__transaction_state-47, dir=C:\tmp\kraft-combined-logs] Loading producer state till offset 0 with message format version 2 (kafka.log.UnifiedLog$)
[2024-07-10 01:01:36,591] INFO [LogLoader partition=__transaction_state-47, dir=C:\tmp\kraft-combined-logs] Reloading from producer snapshot and rebuilding producer state from offset 0 (kafka.log.UnifiedLog$)
[2024-07-10 01:01:36,591] INFO [LogLoader partition=__transaction_state-47, dir=C:\tmp\kraft-combined-logs] Producer state recovery took 0ms for snapshot load and 0ms for segment recovery from offset 0 (kafka.log.UnifiedLog$)
[2024-07-10 01:01:36,594] INFO [LogLoader partition=__transaction_state-47, dir=C:\tmp\kraft-combined-logs] Loading producer state till offset 0 with message format version 2 (kafka.log.UnifiedLog$)
[2024-07-10 01:01:36,594] INFO [LogLoader partition=__transaction_state-47, dir=C:\tmp\kraft-combined-logs] Reloading from producer snapshot and rebuilding producer state from offset 0 (kafka.log.UnifiedLog$)
[2024-07-10 01:01:36,594] INFO [LogLoader partition=__transaction_state-47, dir=C:\tmp\kraft-combined-logs] Producer state recovery took 0ms for snapshot load and 0ms for segment recovery from offset 0 (kafka.log.UnifiedLog$)
[2024-07-10 01:01:36,594] INFO Completed load of Log(dir=C:\tmp\kraft-combined-logs\__transaction_state-47, topicId=NjKn4Re8TgW3dKrVfXAjUQ, topic=__transaction_state, partition=47, highWatermark=0, lastStableOffset=0, logStartOffset=0, logEndOffset=0) with 1 segments, local-log-start-offset 0 and log-end-offset 0 in 6ms (94/101 completed in C:\tmp\kraft-combined-logs) (kafka.log.LogManager)
[2024-07-10 01:01:36,597] INFO [LogLoader partition=__transaction_state-48, dir=C:\tmp\kraft-combined-logs] Recovering unflushed segment 0. 0/1 recovered for __transaction_state-48. (kafka.log.LogLoader)
[2024-07-10 01:01:36,597] INFO [LogLoader partition=__transaction_state-48, dir=C:\tmp\kraft-combined-logs] Loading producer state till offset 0 with message format version 2 (kafka.log.UnifiedLog$)
[2024-07-10 01:01:36,597] INFO [LogLoader partition=__transaction_state-48, dir=C:\tmp\kraft-combined-logs] Reloading from producer snapshot and rebuilding producer state from offset 0 (kafka.log.UnifiedLog$)
[2024-07-10 01:01:36,597] INFO Deleted producer state snapshot C:\tmp\kraft-combined-logs\__transaction_state-48\00000000000000000004.snapshot (org.apache.kafka.storage.internals.log.SnapshotFile)
[2024-07-10 01:01:36,597] INFO [LogLoader partition=__transaction_state-48, dir=C:\tmp\kraft-combined-logs] Producer state recovery took 0ms for snapshot load and 0ms for segment recovery from offset 0 (kafka.log.UnifiedLog$)
[2024-07-10 01:01:36,600] INFO [ProducerStateManager partition=__transaction_state-48] Wrote producer snapshot at offset 4 with 0 producer ids in 1 ms. (org.apache.kafka.storage.internals.log.ProducerStateManager)
[2024-07-10 01:01:36,603] INFO [LogLoader partition=__transaction_state-48, dir=C:\tmp\kraft-combined-logs] Loading producer state till offset 4 with message format version 2 (kafka.log.UnifiedLog$)
[2024-07-10 01:01:36,603] INFO [LogLoader partition=__transaction_state-48, dir=C:\tmp\kraft-combined-logs] Reloading from producer snapshot and rebuilding producer state from offset 4 (kafka.log.UnifiedLog$)
[2024-07-10 01:01:36,603] INFO [ProducerStateManager partition=__transaction_state-48] Loading producer state from snapshot file 'SnapshotFile(offset=4, file=C:\tmp\kraft-combined-logs\__transaction_state-48\00000000000000000004.snapshot)' (org.apache.kafka.storage.internals.log.ProducerStateManager)
[2024-07-10 01:01:36,605] INFO [LogLoader partition=__transaction_state-48, dir=C:\tmp\kraft-combined-logs] Producer state recovery took 2ms for snapshot load and 0ms for segment recovery from offset 4 (kafka.log.UnifiedLog$)
[2024-07-10 01:01:36,605] INFO Completed load of Log(dir=C:\tmp\kraft-combined-logs\__transaction_state-48, topicId=NjKn4Re8TgW3dKrVfXAjUQ, topic=__transaction_state, partition=48, highWatermark=0, lastStableOffset=0, logStartOffset=0, logEndOffset=4) with 1 segments, local-log-start-offset 0 and log-end-offset 4 in 10ms (95/101 completed in C:\tmp\kraft-combined-logs) (kafka.log.LogManager)
[2024-07-10 01:01:36,608] INFO [LogLoader partition=__transaction_state-49, dir=C:\tmp\kraft-combined-logs] Recovering unflushed segment 0. 0/1 recovered for __transaction_state-49. (kafka.log.LogLoader)
[2024-07-10 01:01:36,608] INFO [LogLoader partition=__transaction_state-49, dir=C:\tmp\kraft-combined-logs] Loading producer state till offset 0 with message format version 2 (kafka.log.UnifiedLog$)
[2024-07-10 01:01:36,608] INFO [LogLoader partition=__transaction_state-49, dir=C:\tmp\kraft-combined-logs] Reloading from producer snapshot and rebuilding producer state from offset 0 (kafka.log.UnifiedLog$)
[2024-07-10 01:01:36,608] INFO [LogLoader partition=__transaction_state-49, dir=C:\tmp\kraft-combined-logs] Producer state recovery took 0ms for snapshot load and 0ms for segment recovery from offset 0 (kafka.log.UnifiedLog$)
[2024-07-10 01:01:36,610] INFO [LogLoader partition=__transaction_state-49, dir=C:\tmp\kraft-combined-logs] Loading producer state till offset 0 with message format version 2 (kafka.log.UnifiedLog$)
[2024-07-10 01:01:36,610] INFO [LogLoader partition=__transaction_state-49, dir=C:\tmp\kraft-combined-logs] Reloading from producer snapshot and rebuilding producer state from offset 0 (kafka.log.UnifiedLog$)
[2024-07-10 01:01:36,610] INFO [LogLoader partition=__transaction_state-49, dir=C:\tmp\kraft-combined-logs] Producer state recovery took 0ms for snapshot load and 0ms for segment recovery from offset 0 (kafka.log.UnifiedLog$)
[2024-07-10 01:01:36,611] INFO Completed load of Log(dir=C:\tmp\kraft-combined-logs\__transaction_state-49, topicId=NjKn4Re8TgW3dKrVfXAjUQ, topic=__transaction_state, partition=49, highWatermark=0, lastStableOffset=0, logStartOffset=0, logEndOffset=0) with 1 segments, local-log-start-offset 0 and log-end-offset 0 in 6ms (96/101 completed in C:\tmp\kraft-combined-logs) (kafka.log.LogManager)
[2024-07-10 01:01:36,613] INFO [LogLoader partition=__transaction_state-5, dir=C:\tmp\kraft-combined-logs] Recovering unflushed segment 0. 0/1 recovered for __transaction_state-5. (kafka.log.LogLoader)
[2024-07-10 01:01:36,613] INFO [LogLoader partition=__transaction_state-5, dir=C:\tmp\kraft-combined-logs] Loading producer state till offset 0 with message format version 2 (kafka.log.UnifiedLog$)
[2024-07-10 01:01:36,613] INFO [LogLoader partition=__transaction_state-5, dir=C:\tmp\kraft-combined-logs] Reloading from producer snapshot and rebuilding producer state from offset 0 (kafka.log.UnifiedLog$)
[2024-07-10 01:01:36,613] INFO [LogLoader partition=__transaction_state-5, dir=C:\tmp\kraft-combined-logs] Producer state recovery took 0ms for snapshot load and 0ms for segment recovery from offset 0 (kafka.log.UnifiedLog$)
[2024-07-10 01:01:36,616] INFO [LogLoader partition=__transaction_state-5, dir=C:\tmp\kraft-combined-logs] Loading producer state till offset 0 with message format version 2 (kafka.log.UnifiedLog$)
[2024-07-10 01:01:36,616] INFO [LogLoader partition=__transaction_state-5, dir=C:\tmp\kraft-combined-logs] Reloading from producer snapshot and rebuilding producer state from offset 0 (kafka.log.UnifiedLog$)
[2024-07-10 01:01:36,616] INFO [LogLoader partition=__transaction_state-5, dir=C:\tmp\kraft-combined-logs] Producer state recovery took 0ms for snapshot load and 0ms for segment recovery from offset 0 (kafka.log.UnifiedLog$)
[2024-07-10 01:01:36,616] INFO Completed load of Log(dir=C:\tmp\kraft-combined-logs\__transaction_state-5, topicId=NjKn4Re8TgW3dKrVfXAjUQ, topic=__transaction_state, partition=5, highWatermark=0, lastStableOffset=0, logStartOffset=0, logEndOffset=0) with 1 segments, local-log-start-offset 0 and log-end-offset 0 in 5ms (97/101 completed in C:\tmp\kraft-combined-logs) (kafka.log.LogManager)
[2024-07-10 01:01:36,618] INFO [LogLoader partition=__transaction_state-6, dir=C:\tmp\kraft-combined-logs] Recovering unflushed segment 0. 0/1 recovered for __transaction_state-6. (kafka.log.LogLoader)
[2024-07-10 01:01:36,619] INFO [LogLoader partition=__transaction_state-6, dir=C:\tmp\kraft-combined-logs] Loading producer state till offset 0 with message format version 2 (kafka.log.UnifiedLog$)
[2024-07-10 01:01:36,619] INFO [LogLoader partition=__transaction_state-6, dir=C:\tmp\kraft-combined-logs] Reloading from producer snapshot and rebuilding producer state from offset 0 (kafka.log.UnifiedLog$)
[2024-07-10 01:01:36,619] INFO [LogLoader partition=__transaction_state-6, dir=C:\tmp\kraft-combined-logs] Producer state recovery took 0ms for snapshot load and 0ms for segment recovery from offset 0 (kafka.log.UnifiedLog$)
[2024-07-10 01:01:36,622] INFO [LogLoader partition=__transaction_state-6, dir=C:\tmp\kraft-combined-logs] Loading producer state till offset 0 with message format version 2 (kafka.log.UnifiedLog$)
[2024-07-10 01:01:36,622] INFO [LogLoader partition=__transaction_state-6, dir=C:\tmp\kraft-combined-logs] Reloading from producer snapshot and rebuilding producer state from offset 0 (kafka.log.UnifiedLog$)
[2024-07-10 01:01:36,622] INFO [LogLoader partition=__transaction_state-6, dir=C:\tmp\kraft-combined-logs] Producer state recovery took 0ms for snapshot load and 0ms for segment recovery from offset 0 (kafka.log.UnifiedLog$)
[2024-07-10 01:01:36,623] INFO Completed load of Log(dir=C:\tmp\kraft-combined-logs\__transaction_state-6, topicId=NjKn4Re8TgW3dKrVfXAjUQ, topic=__transaction_state, partition=6, highWatermark=0, lastStableOffset=0, logStartOffset=0, logEndOffset=0) with 1 segments, local-log-start-offset 0 and log-end-offset 0 in 6ms (98/101 completed in C:\tmp\kraft-combined-logs) (kafka.log.LogManager)
[2024-07-10 01:01:36,625] INFO [LogLoader partition=__transaction_state-7, dir=C:\tmp\kraft-combined-logs] Recovering unflushed segment 0. 0/1 recovered for __transaction_state-7. (kafka.log.LogLoader)
[2024-07-10 01:01:36,626] INFO [LogLoader partition=__transaction_state-7, dir=C:\tmp\kraft-combined-logs] Loading producer state till offset 0 with message format version 2 (kafka.log.UnifiedLog$)
[2024-07-10 01:01:36,626] INFO [LogLoader partition=__transaction_state-7, dir=C:\tmp\kraft-combined-logs] Reloading from producer snapshot and rebuilding producer state from offset 0 (kafka.log.UnifiedLog$)
[2024-07-10 01:01:36,626] INFO [LogLoader partition=__transaction_state-7, dir=C:\tmp\kraft-combined-logs] Producer state recovery took 0ms for snapshot load and 0ms for segment recovery from offset 0 (kafka.log.UnifiedLog$)
[2024-07-10 01:01:36,628] INFO [LogLoader partition=__transaction_state-7, dir=C:\tmp\kraft-combined-logs] Loading producer state till offset 0 with message format version 2 (kafka.log.UnifiedLog$)
[2024-07-10 01:01:36,628] INFO [LogLoader partition=__transaction_state-7, dir=C:\tmp\kraft-combined-logs] Reloading from producer snapshot and rebuilding producer state from offset 0 (kafka.log.UnifiedLog$)
[2024-07-10 01:01:36,628] INFO [LogLoader partition=__transaction_state-7, dir=C:\tmp\kraft-combined-logs] Producer state recovery took 0ms for snapshot load and 0ms for segment recovery from offset 0 (kafka.log.UnifiedLog$)
[2024-07-10 01:01:36,628] INFO Completed load of Log(dir=C:\tmp\kraft-combined-logs\__transaction_state-7, topicId=NjKn4Re8TgW3dKrVfXAjUQ, topic=__transaction_state, partition=7, highWatermark=0, lastStableOffset=0, logStartOffset=0, logEndOffset=0) with 1 segments, local-log-start-offset 0 and log-end-offset 0 in 6ms (99/101 completed in C:\tmp\kraft-combined-logs) (kafka.log.LogManager)
[2024-07-10 01:01:36,631] INFO [LogLoader partition=__transaction_state-8, dir=C:\tmp\kraft-combined-logs] Recovering unflushed segment 0. 0/1 recovered for __transaction_state-8. (kafka.log.LogLoader)
[2024-07-10 01:01:36,631] INFO [LogLoader partition=__transaction_state-8, dir=C:\tmp\kraft-combined-logs] Loading producer state till offset 0 with message format version 2 (kafka.log.UnifiedLog$)
[2024-07-10 01:01:36,631] INFO [LogLoader partition=__transaction_state-8, dir=C:\tmp\kraft-combined-logs] Reloading from producer snapshot and rebuilding producer state from offset 0 (kafka.log.UnifiedLog$)
[2024-07-10 01:01:36,631] INFO [LogLoader partition=__transaction_state-8, dir=C:\tmp\kraft-combined-logs] Producer state recovery took 0ms for snapshot load and 0ms for segment recovery from offset 0 (kafka.log.UnifiedLog$)
[2024-07-10 01:01:36,633] INFO [LogLoader partition=__transaction_state-8, dir=C:\tmp\kraft-combined-logs] Loading producer state till offset 0 with message format version 2 (kafka.log.UnifiedLog$)
[2024-07-10 01:01:36,633] INFO [LogLoader partition=__transaction_state-8, dir=C:\tmp\kraft-combined-logs] Reloading from producer snapshot and rebuilding producer state from offset 0 (kafka.log.UnifiedLog$)
[2024-07-10 01:01:36,633] INFO [LogLoader partition=__transaction_state-8, dir=C:\tmp\kraft-combined-logs] Producer state recovery took 0ms for snapshot load and 0ms for segment recovery from offset 0 (kafka.log.UnifiedLog$)
[2024-07-10 01:01:36,634] INFO Completed load of Log(dir=C:\tmp\kraft-combined-logs\__transaction_state-8, topicId=NjKn4Re8TgW3dKrVfXAjUQ, topic=__transaction_state, partition=8, highWatermark=0, lastStableOffset=0, logStartOffset=0, logEndOffset=0) with 1 segments, local-log-start-offset 0 and log-end-offset 0 in 5ms (100/101 completed in C:\tmp\kraft-combined-logs) (kafka.log.LogManager)
[2024-07-10 01:01:36,636] INFO [LogLoader partition=__transaction_state-9, dir=C:\tmp\kraft-combined-logs] Recovering unflushed segment 0. 0/1 recovered for __transaction_state-9. (kafka.log.LogLoader)
[2024-07-10 01:01:36,637] INFO [LogLoader partition=__transaction_state-9, dir=C:\tmp\kraft-combined-logs] Loading producer state till offset 0 with message format version 2 (kafka.log.UnifiedLog$)
[2024-07-10 01:01:36,637] INFO [LogLoader partition=__transaction_state-9, dir=C:\tmp\kraft-combined-logs] Reloading from producer snapshot and rebuilding producer state from offset 0 (kafka.log.UnifiedLog$)
[2024-07-10 01:01:36,637] INFO [LogLoader partition=__transaction_state-9, dir=C:\tmp\kraft-combined-logs] Producer state recovery took 0ms for snapshot load and 0ms for segment recovery from offset 0 (kafka.log.UnifiedLog$)
[2024-07-10 01:01:36,640] INFO [LogLoader partition=__transaction_state-9, dir=C:\tmp\kraft-combined-logs] Loading producer state till offset 0 with message format version 2 (kafka.log.UnifiedLog$)
[2024-07-10 01:01:36,640] INFO [LogLoader partition=__transaction_state-9, dir=C:\tmp\kraft-combined-logs] Reloading from producer snapshot and rebuilding producer state from offset 0 (kafka.log.UnifiedLog$)
[2024-07-10 01:01:36,640] INFO [LogLoader partition=__transaction_state-9, dir=C:\tmp\kraft-combined-logs] Producer state recovery took 0ms for snapshot load and 0ms for segment recovery from offset 0 (kafka.log.UnifiedLog$)
[2024-07-10 01:01:36,641] INFO Completed load of Log(dir=C:\tmp\kraft-combined-logs\__transaction_state-9, topicId=NjKn4Re8TgW3dKrVfXAjUQ, topic=__transaction_state, partition=9, highWatermark=0, lastStableOffset=0, logStartOffset=0, logEndOffset=0) with 1 segments, local-log-start-offset 0 and log-end-offset 0 in 6ms (101/101 completed in C:\tmp\kraft-combined-logs) (kafka.log.LogManager)
[2024-07-10 01:01:36,643] INFO Loaded 101 logs in 847ms (unclean log dirs = ArrayBuffer(C:\tmp\kraft-combined-logs)) (kafka.log.LogManager)
[2024-07-10 01:01:36,643] INFO Starting log cleanup with a period of 300000 ms. (kafka.log.LogManager)
[2024-07-10 01:01:36,644] INFO Starting log flusher with a default period of 9223372036854775807 ms. (kafka.log.LogManager)
[2024-07-10 01:01:36,713] INFO [kafka-log-cleaner-thread-0]: Starting (kafka.log.LogCleaner$CleanerThread)
[2024-07-10 01:01:36,717] INFO [LogDirFailureHandler]: Starting (kafka.server.ReplicaManager$LogDirFailureHandler)
[2024-07-10 01:01:36,718] INFO [AddPartitionsToTxnSenderThread-1]: Starting (kafka.server.AddPartitionsToTxnManager)
[2024-07-10 01:01:36,719] INFO [GroupCoordinator 1]: Starting up. (kafka.coordinator.group.GroupCoordinator)
[2024-07-10 01:01:36,721] INFO [GroupCoordinator 1]: Startup complete. (kafka.coordinator.group.GroupCoordinator)
[2024-07-10 01:01:36,722] INFO [TransactionCoordinator id=1] Starting up. (kafka.coordinator.transaction.TransactionCoordinator)
[2024-07-10 01:01:36,723] INFO [TxnMarkerSenderThread-1]: Starting (kafka.coordinator.transaction.TransactionMarkerChannelManager)
[2024-07-10 01:01:36,723] INFO [TransactionCoordinator id=1] Startup complete. (kafka.coordinator.transaction.TransactionCoordinator)
[2024-07-10 01:01:36,725] INFO [BrokerMetadataPublisher id=1] Updating metadata.version to 19 at offset OffsetAndEpoch(offset=32791, epoch=8). (kafka.server.metadata.BrokerMetadataPublisher)
[2024-07-10 01:01:36,728] INFO [BrokerMetadataPublisher id=1] Resending BrokerRegistration with existing incarnation-id to inform the controller about log directories in the broker following metadata update: previousMetadataVersion: 3.0-IV1 newMetadataVersion: 3.7-IV4 (kafka.server.metadata.BrokerMetadataPublisher)
[2024-07-10 01:01:36,730] INFO [BrokerLifecycleManager id=1] Unable to register broker 1 because the controller returned error DUPLICATE_BROKER_REGISTRATION (kafka.server.BrokerLifecycleManager)
[2024-07-10 01:01:36,739] INFO [ReplicaFetcherManager on broker 1] Removed fetcher for partitions Set(__transaction_state-42, __consumer_offsets-13, __consumer_offsets-46, __transaction_state-17, __transaction_state-34, __consumer_offsets-21, __transaction_state-9, __transaction_state-26, __consumer_offsets-30, __transaction_state-1, __transaction_state-18, __consumer_offsets-5, __consumer_offsets-38, __consumer_offsets-45, __consumer_offsets-12, __transaction_state-16, __transaction_state-49, __consumer_offsets-20, __transaction_state-8, __transaction_state-41, __consumer_offsets-29, __transaction_state-0, __transaction_state-33, __consumer_offsets-37, __consumer_offsets-4, __transaction_state-25, __consumer_offsets-15, __consumer_offsets-48, __transaction_state-15, __transaction_state-48, __consumer_offsets-23, __transaction_state-7, __transaction_state-40, __consumer_offsets-32, __transaction_state-32, movies-0, __consumer_offsets-7, __consumer_offsets-40, __transaction_state-24, __consumer_offsets-47, __consumer_offsets-14, __transaction_state-14, __transaction_state-47, __consumer_offsets-22, __transaction_state-6, __transaction_state-39, __consumer_offsets-31, __transaction_state-31, __consumer_offsets-39, __consumer_offsets-6, __transaction_state-23, __transaction_state-13, __transaction_state-46, __consumer_offsets-9, __consumer_offsets-42, __transaction_state-5, __transaction_state-38, __consumer_offsets-17, __transaction_state-30, __consumer_offsets-26, __transaction_state-22, __consumer_offsets-1, __consumer_offsets-34, __consumer_offsets-16, __transaction_state-12, __transaction_state-45, __consumer_offsets-41, __consumer_offsets-24, __transaction_state-4, __transaction_state-37, __consumer_offsets-49, __consumer_offsets-0, __transaction_state-29, __consumer_offsets-25, __consumer_offsets-8, __transaction_state-21, __consumer_offsets-33, __transaction_state-11, __transaction_state-44, __consumer_offsets-11, __consumer_offsets-44, __transaction_state-3, __transaction_state-36, __consumer_offsets-19, __transaction_state-28, __consumer_offsets-28, __transaction_state-20, __consumer_offsets-3, __consumer_offsets-36, __transaction_state-10, __transaction_state-43, __consumer_offsets-43, __consumer_offsets-10, __transaction_state-2, __transaction_state-35, __consumer_offsets-18, __transaction_state-27, __consumer_offsets-27, __transaction_state-19, __consumer_offsets-35, __consumer_offsets-2) (kafka.server.ReplicaFetcherManager)
[2024-07-10 01:01:36,765] INFO [Partition __transaction_state-42 broker=1] Log loaded for partition __transaction_state-42 with initial high watermark 4 (kafka.cluster.Partition)
[2024-07-10 01:01:36,781] INFO [Partition __consumer_offsets-13 broker=1] Log loaded for partition __consumer_offsets-13 with initial high watermark 0 (kafka.cluster.Partition)
[2024-07-10 01:01:36,784] INFO [Partition __consumer_offsets-46 broker=1] Log loaded for partition __consumer_offsets-46 with initial high watermark 0 (kafka.cluster.Partition)
[2024-07-10 01:01:36,786] INFO [Partition __transaction_state-17 broker=1] Log loaded for partition __transaction_state-17 with initial high watermark 0 (kafka.cluster.Partition)
[2024-07-10 01:01:36,789] INFO [Partition __transaction_state-34 broker=1] Log loaded for partition __transaction_state-34 with initial high watermark 0 (kafka.cluster.Partition)
[2024-07-10 01:01:36,791] INFO [Partition __consumer_offsets-21 broker=1] Log loaded for partition __consumer_offsets-21 with initial high watermark 0 (kafka.cluster.Partition)
[2024-07-10 01:01:36,793] INFO [Partition __transaction_state-9 broker=1] Log loaded for partition __transaction_state-9 with initial high watermark 0 (kafka.cluster.Partition)
[2024-07-10 01:01:36,795] INFO [Partition __transaction_state-26 broker=1] Log loaded for partition __transaction_state-26 with initial high watermark 0 (kafka.cluster.Partition)
[2024-07-10 01:01:36,798] INFO [Partition __consumer_offsets-30 broker=1] Log loaded for partition __consumer_offsets-30 with initial high watermark 0 (kafka.cluster.Partition)
[2024-07-10 01:01:36,800] INFO [Partition __transaction_state-1 broker=1] Log loaded for partition __transaction_state-1 with initial high watermark 0 (kafka.cluster.Partition)
[2024-07-10 01:01:36,802] INFO [Partition __transaction_state-18 broker=1] Log loaded for partition __transaction_state-18 with initial high watermark 0 (kafka.cluster.Partition)
[2024-07-10 01:01:36,805] INFO [Partition __consumer_offsets-5 broker=1] Log loaded for partition __consumer_offsets-5 with initial high watermark 0 (kafka.cluster.Partition)
[2024-07-10 01:01:36,807] INFO [Partition __consumer_offsets-38 broker=1] Log loaded for partition __consumer_offsets-38 with initial high watermark 0 (kafka.cluster.Partition)
[2024-07-10 01:01:36,810] INFO [Partition __consumer_offsets-45 broker=1] Log loaded for partition __consumer_offsets-45 with initial high watermark 0 (kafka.cluster.Partition)
[2024-07-10 01:01:36,812] INFO [Partition __consumer_offsets-12 broker=1] Log loaded for partition __consumer_offsets-12 with initial high watermark 3 (kafka.cluster.Partition)
[2024-07-10 01:01:36,814] INFO [Partition __transaction_state-16 broker=1] Log loaded for partition __transaction_state-16 with initial high watermark 0 (kafka.cluster.Partition)
[2024-07-10 01:01:36,816] INFO [Partition __transaction_state-49 broker=1] Log loaded for partition __transaction_state-49 with initial high watermark 0 (kafka.cluster.Partition)
[2024-07-10 01:01:36,819] INFO [Partition __consumer_offsets-20 broker=1] Log loaded for partition __consumer_offsets-20 with initial high watermark 0 (kafka.cluster.Partition)
[2024-07-10 01:01:36,821] INFO [Partition __transaction_state-8 broker=1] Log loaded for partition __transaction_state-8 with initial high watermark 0 (kafka.cluster.Partition)
[2024-07-10 01:01:36,823] INFO [Partition __transaction_state-41 broker=1] Log loaded for partition __transaction_state-41 with initial high watermark 0 (kafka.cluster.Partition)
[2024-07-10 01:01:36,826] INFO [Partition __consumer_offsets-29 broker=1] Log loaded for partition __consumer_offsets-29 with initial high watermark 1 (kafka.cluster.Partition)
[2024-07-10 01:01:36,828] INFO [Partition __transaction_state-0 broker=1] Log loaded for partition __transaction_state-0 with initial high watermark 0 (kafka.cluster.Partition)
[2024-07-10 01:01:36,830] INFO [Partition __transaction_state-33 broker=1] Log loaded for partition __transaction_state-33 with initial high watermark 0 (kafka.cluster.Partition)
[2024-07-10 01:01:36,833] INFO [Partition __consumer_offsets-37 broker=1] Log loaded for partition __consumer_offsets-37 with initial high watermark 3 (kafka.cluster.Partition)
[2024-07-10 01:01:36,835] INFO [Partition __consumer_offsets-4 broker=1] Log loaded for partition __consumer_offsets-4 with initial high watermark 0 (kafka.cluster.Partition)
[2024-07-10 01:01:36,837] INFO [Partition __transaction_state-25 broker=1] Log loaded for partition __transaction_state-25 with initial high watermark 0 (kafka.cluster.Partition)
[2024-07-10 01:01:36,839] INFO [Partition __consumer_offsets-15 broker=1] Log loaded for partition __consumer_offsets-15 with initial high watermark 0 (kafka.cluster.Partition)
[2024-07-10 01:01:36,841] INFO [Partition __consumer_offsets-48 broker=1] Log loaded for partition __consumer_offsets-48 with initial high watermark 0 (kafka.cluster.Partition)
[2024-07-10 01:01:36,844] INFO [Partition __transaction_state-15 broker=1] Log loaded for partition __transaction_state-15 with initial high watermark 0 (kafka.cluster.Partition)
[2024-07-10 01:01:36,846] INFO [Partition __transaction_state-48 broker=1] Log loaded for partition __transaction_state-48 with initial high watermark 4 (kafka.cluster.Partition)
[2024-07-10 01:01:36,848] INFO [Partition __consumer_offsets-23 broker=1] Log loaded for partition __consumer_offsets-23 with initial high watermark 0 (kafka.cluster.Partition)
[2024-07-10 01:01:36,851] INFO [Partition __transaction_state-7 broker=1] Log loaded for partition __transaction_state-7 with initial high watermark 0 (kafka.cluster.Partition)
[2024-07-10 01:01:36,853] INFO [Partition __transaction_state-40 broker=1] Log loaded for partition __transaction_state-40 with initial high watermark 0 (kafka.cluster.Partition)
[2024-07-10 01:01:36,855] INFO [Partition __consumer_offsets-32 broker=1] Log loaded for partition __consumer_offsets-32 with initial high watermark 0 (kafka.cluster.Partition)
[2024-07-10 01:01:36,857] INFO [Partition __transaction_state-32 broker=1] Log loaded for partition __transaction_state-32 with initial high watermark 0 (kafka.cluster.Partition)
[2024-07-10 01:01:36,858] INFO [Partition movies-0 broker=1] Log loaded for partition movies-0 with initial high watermark 7 (kafka.cluster.Partition)
[2024-07-10 01:01:36,860] INFO [Partition __consumer_offsets-7 broker=1] Log loaded for partition __consumer_offsets-7 with initial high watermark 8 (kafka.cluster.Partition)
[2024-07-10 01:01:36,862] INFO [Partition __consumer_offsets-40 broker=1] Log loaded for partition __consumer_offsets-40 with initial high watermark 0 (kafka.cluster.Partition)
[2024-07-10 01:01:36,864] INFO [Partition __transaction_state-24 broker=1] Log loaded for partition __transaction_state-24 with initial high watermark 0 (kafka.cluster.Partition)
[2024-07-10 01:01:36,866] INFO [Partition __consumer_offsets-47 broker=1] Log loaded for partition __consumer_offsets-47 with initial high watermark 0 (kafka.cluster.Partition)
[2024-07-10 01:01:36,869] INFO [Partition __consumer_offsets-14 broker=1] Log loaded for partition __consumer_offsets-14 with initial high watermark 0 (kafka.cluster.Partition)
[2024-07-10 01:01:36,871] INFO [Partition __transaction_state-14 broker=1] Log loaded for partition __transaction_state-14 with initial high watermark 0 (kafka.cluster.Partition)
[2024-07-10 01:01:36,873] INFO [Partition __transaction_state-47 broker=1] Log loaded for partition __transaction_state-47 with initial high watermark 0 (kafka.cluster.Partition)
[2024-07-10 01:01:36,875] INFO [Partition __consumer_offsets-22 broker=1] Log loaded for partition __consumer_offsets-22 with initial high watermark 0 (kafka.cluster.Partition)
[2024-07-10 01:01:36,876] INFO [Partition __transaction_state-6 broker=1] Log loaded for partition __transaction_state-6 with initial high watermark 0 (kafka.cluster.Partition)
[2024-07-10 01:01:36,879] INFO [Partition __transaction_state-39 broker=1] Log loaded for partition __transaction_state-39 with initial high watermark 0 (kafka.cluster.Partition)
[2024-07-10 01:01:36,882] INFO [Partition __consumer_offsets-31 broker=1] Log loaded for partition __consumer_offsets-31 with initial high watermark 1 (kafka.cluster.Partition)
[2024-07-10 01:01:36,882] INFO [Partition __transaction_state-31 broker=1] Log loaded for partition __transaction_state-31 with initial high watermark 0 (kafka.cluster.Partition)
[2024-07-10 01:01:36,884] INFO [Partition __consumer_offsets-39 broker=1] Log loaded for partition __consumer_offsets-39 with initial high watermark 0 (kafka.cluster.Partition)
[2024-07-10 01:01:36,886] INFO [Partition __consumer_offsets-6 broker=1] Log loaded for partition __consumer_offsets-6 with initial high watermark 0 (kafka.cluster.Partition)
[2024-07-10 01:01:36,888] INFO [Partition __transaction_state-23 broker=1] Log loaded for partition __transaction_state-23 with initial high watermark 0 (kafka.cluster.Partition)
[2024-07-10 01:01:36,889] INFO [Partition __transaction_state-13 broker=1] Log loaded for partition __transaction_state-13 with initial high watermark 0 (kafka.cluster.Partition)
[2024-07-10 01:01:36,891] INFO [Partition __transaction_state-46 broker=1] Log loaded for partition __transaction_state-46 with initial high watermark 0 (kafka.cluster.Partition)
[2024-07-10 01:01:36,892] INFO [Partition __consumer_offsets-9 broker=1] Log loaded for partition __consumer_offsets-9 with initial high watermark 0 (kafka.cluster.Partition)
[2024-07-10 01:01:36,894] INFO [Partition __consumer_offsets-42 broker=1] Log loaded for partition __consumer_offsets-42 with initial high watermark 0 (kafka.cluster.Partition)
[2024-07-10 01:01:36,896] INFO [Partition __transaction_state-5 broker=1] Log loaded for partition __transaction_state-5 with initial high watermark 0 (kafka.cluster.Partition)
[2024-07-10 01:01:36,898] INFO [Partition __transaction_state-38 broker=1] Log loaded for partition __transaction_state-38 with initial high watermark 0 (kafka.cluster.Partition)
[2024-07-10 01:01:36,900] INFO [Partition __consumer_offsets-17 broker=1] Log loaded for partition __consumer_offsets-17 with initial high watermark 0 (kafka.cluster.Partition)
[2024-07-10 01:01:36,902] INFO [Partition __transaction_state-30 broker=1] Log loaded for partition __transaction_state-30 with initial high watermark 0 (kafka.cluster.Partition)
[2024-07-10 01:01:36,903] INFO [Partition __consumer_offsets-26 broker=1] Log loaded for partition __consumer_offsets-26 with initial high watermark 0 (kafka.cluster.Partition)
[2024-07-10 01:01:36,906] INFO [Partition __transaction_state-22 broker=1] Log loaded for partition __transaction_state-22 with initial high watermark 0 (kafka.cluster.Partition)
[2024-07-10 01:01:36,908] INFO [Partition __consumer_offsets-1 broker=1] Log loaded for partition __consumer_offsets-1 with initial high watermark 0 (kafka.cluster.Partition)
[2024-07-10 01:01:36,910] INFO [Partition __consumer_offsets-34 broker=1] Log loaded for partition __consumer_offsets-34 with initial high watermark 0 (kafka.cluster.Partition)
[2024-07-10 01:01:36,912] INFO [Partition __consumer_offsets-16 broker=1] Log loaded for partition __consumer_offsets-16 with initial high watermark 0 (kafka.cluster.Partition)
[2024-07-10 01:01:36,914] INFO [Partition __transaction_state-12 broker=1] Log loaded for partition __transaction_state-12 with initial high watermark 0 (kafka.cluster.Partition)
[2024-07-10 01:01:36,916] INFO [Partition __transaction_state-45 broker=1] Log loaded for partition __transaction_state-45 with initial high watermark 0 (kafka.cluster.Partition)
[2024-07-10 01:01:36,918] INFO [Partition __consumer_offsets-41 broker=1] Log loaded for partition __consumer_offsets-41 with initial high watermark 3 (kafka.cluster.Partition)
[2024-07-10 01:01:36,920] INFO [Partition __consumer_offsets-24 broker=1] Log loaded for partition __consumer_offsets-24 with initial high watermark 0 (kafka.cluster.Partition)
[2024-07-10 01:01:36,921] INFO [Partition __transaction_state-4 broker=1] Log loaded for partition __transaction_state-4 with initial high watermark 0 (kafka.cluster.Partition)
[2024-07-10 01:01:36,923] INFO [Partition __transaction_state-37 broker=1] Log loaded for partition __transaction_state-37 with initial high watermark 0 (kafka.cluster.Partition)
[2024-07-10 01:01:36,925] INFO [Partition __consumer_offsets-49 broker=1] Log loaded for partition __consumer_offsets-49 with initial high watermark 0 (kafka.cluster.Partition)
[2024-07-10 01:01:36,926] INFO [Partition __consumer_offsets-0 broker=1] Log loaded for partition __consumer_offsets-0 with initial high watermark 0 (kafka.cluster.Partition)
[2024-07-10 01:01:36,928] INFO [Partition __transaction_state-29 broker=1] Log loaded for partition __transaction_state-29 with initial high watermark 0 (kafka.cluster.Partition)
[2024-07-10 01:01:36,930] INFO [Partition __consumer_offsets-25 broker=1] Log loaded for partition __consumer_offsets-25 with initial high watermark 0 (kafka.cluster.Partition)
[2024-07-10 01:01:36,932] INFO [Partition __consumer_offsets-8 broker=1] Log loaded for partition __consumer_offsets-8 with initial high watermark 0 (kafka.cluster.Partition)
[2024-07-10 01:01:36,934] INFO [Partition __transaction_state-21 broker=1] Log loaded for partition __transaction_state-21 with initial high watermark 0 (kafka.cluster.Partition)
[2024-07-10 01:01:36,935] INFO [Partition __consumer_offsets-33 broker=1] Log loaded for partition __consumer_offsets-33 with initial high watermark 3 (kafka.cluster.Partition)
[2024-07-10 01:01:36,937] INFO [Partition __transaction_state-11 broker=1] Log loaded for partition __transaction_state-11 with initial high watermark 0 (kafka.cluster.Partition)
[2024-07-10 01:01:36,940] INFO [Partition __transaction_state-44 broker=1] Log loaded for partition __transaction_state-44 with initial high watermark 0 (kafka.cluster.Partition)
[2024-07-10 01:01:36,942] INFO [Partition __consumer_offsets-11 broker=1] Log loaded for partition __consumer_offsets-11 with initial high watermark 3 (kafka.cluster.Partition)
[2024-07-10 01:01:36,943] INFO [Partition __consumer_offsets-44 broker=1] Log loaded for partition __consumer_offsets-44 with initial high watermark 0 (kafka.cluster.Partition)
[2024-07-10 01:01:36,945] INFO [Partition __transaction_state-3 broker=1] Log loaded for partition __transaction_state-3 with initial high watermark 0 (kafka.cluster.Partition)
[2024-07-10 01:01:36,947] INFO [Partition __transaction_state-36 broker=1] Log loaded for partition __transaction_state-36 with initial high watermark 0 (kafka.cluster.Partition)
[2024-07-10 01:01:36,949] INFO [Partition __consumer_offsets-19 broker=1] Log loaded for partition __consumer_offsets-19 with initial high watermark 0 (kafka.cluster.Partition)
[2024-07-10 01:01:36,951] INFO [Partition __transaction_state-28 broker=1] Log loaded for partition __transaction_state-28 with initial high watermark 0 (kafka.cluster.Partition)
[2024-07-10 01:01:36,953] INFO [Partition __consumer_offsets-28 broker=1] Log loaded for partition __consumer_offsets-28 with initial high watermark 3 (kafka.cluster.Partition)
[2024-07-10 01:01:36,955] INFO [Partition __transaction_state-20 broker=1] Log loaded for partition __transaction_state-20 with initial high watermark 0 (kafka.cluster.Partition)
[2024-07-10 01:01:36,956] INFO [Partition __consumer_offsets-3 broker=1] Log loaded for partition __consumer_offsets-3 with initial high watermark 0 (kafka.cluster.Partition)
[2024-07-10 01:01:36,958] INFO [Partition __consumer_offsets-36 broker=1] Log loaded for partition __consumer_offsets-36 with initial high watermark 0 (kafka.cluster.Partition)
[2024-07-10 01:01:36,960] INFO [Partition __transaction_state-10 broker=1] Log loaded for partition __transaction_state-10 with initial high watermark 0 (kafka.cluster.Partition)
[2024-07-10 01:01:36,961] INFO [Partition __transaction_state-43 broker=1] Log loaded for partition __transaction_state-43 with initial high watermark 0 (kafka.cluster.Partition)
[2024-07-10 01:01:36,963] INFO [Partition __consumer_offsets-43 broker=1] Log loaded for partition __consumer_offsets-43 with initial high watermark 0 (kafka.cluster.Partition)
[2024-07-10 01:01:36,965] INFO [Partition __consumer_offsets-10 broker=1] Log loaded for partition __consumer_offsets-10 with initial high watermark 0 (kafka.cluster.Partition)
[2024-07-10 01:01:36,966] INFO [Partition __transaction_state-2 broker=1] Log loaded for partition __transaction_state-2 with initial high watermark 4 (kafka.cluster.Partition)
[2024-07-10 01:01:36,968] INFO [Partition __transaction_state-35 broker=1] Log loaded for partition __transaction_state-35 with initial high watermark 0 (kafka.cluster.Partition)
[2024-07-10 01:01:36,970] INFO [Partition __consumer_offsets-18 broker=1] Log loaded for partition __consumer_offsets-18 with initial high watermark 0 (kafka.cluster.Partition)
[2024-07-10 01:01:36,972] INFO [Partition __transaction_state-27 broker=1] Log loaded for partition __transaction_state-27 with initial high watermark 0 (kafka.cluster.Partition)
[2024-07-10 01:01:36,973] INFO [Partition __consumer_offsets-27 broker=1] Log loaded for partition __consumer_offsets-27 with initial high watermark 0 (kafka.cluster.Partition)
[2024-07-10 01:01:36,975] INFO [Partition __transaction_state-19 broker=1] Log loaded for partition __transaction_state-19 with initial high watermark 0 (kafka.cluster.Partition)
[2024-07-10 01:01:36,977] INFO [Partition __consumer_offsets-35 broker=1] Log loaded for partition __consumer_offsets-35 with initial high watermark 0 (kafka.cluster.Partition)
[2024-07-10 01:01:36,978] INFO [Partition __consumer_offsets-2 broker=1] Log loaded for partition __consumer_offsets-2 with initial high watermark 0 (kafka.cluster.Partition)
[2024-07-10 01:01:36,986] INFO [GroupCoordinator 1]: Elected as the group coordinator for partition 13 in epoch 10 (kafka.coordinator.group.GroupCoordinator)
[2024-07-10 01:01:36,986] INFO [GroupMetadataManager brokerId=1] Scheduling loading of offsets and group metadata from __consumer_offsets-13 for epoch 10 (kafka.coordinator.group.GroupMetadataManager)
[2024-07-10 01:01:36,987] INFO [GroupCoordinator 1]: Elected as the group coordinator for partition 46 in epoch 10 (kafka.coordinator.group.GroupCoordinator)
[2024-07-10 01:01:36,987] INFO [GroupMetadataManager brokerId=1] Scheduling loading of offsets and group metadata from __consumer_offsets-46 for epoch 10 (kafka.coordinator.group.GroupMetadataManager)
[2024-07-10 01:01:36,987] INFO [GroupCoordinator 1]: Elected as the group coordinator for partition 9 in epoch 10 (kafka.coordinator.group.GroupCoordinator)
[2024-07-10 01:01:36,987] INFO [GroupMetadataManager brokerId=1] Scheduling loading of offsets and group metadata from __consumer_offsets-9 for epoch 10 (kafka.coordinator.group.GroupMetadataManager)
[2024-07-10 01:01:36,987] INFO [GroupCoordinator 1]: Elected as the group coordinator for partition 42 in epoch 10 (kafka.coordinator.group.GroupCoordinator)
[2024-07-10 01:01:36,987] INFO [GroupMetadataManager brokerId=1] Scheduling loading of offsets and group metadata from __consumer_offsets-42 for epoch 10 (kafka.coordinator.group.GroupMetadataManager)
[2024-07-10 01:01:36,987] INFO [GroupCoordinator 1]: Elected as the group coordinator for partition 21 in epoch 10 (kafka.coordinator.group.GroupCoordinator)
[2024-07-10 01:01:36,987] INFO [GroupMetadataManager brokerId=1] Scheduling loading of offsets and group metadata from __consumer_offsets-21 for epoch 10 (kafka.coordinator.group.GroupMetadataManager)
[2024-07-10 01:01:36,987] INFO [GroupCoordinator 1]: Elected as the group coordinator for partition 17 in epoch 10 (kafka.coordinator.group.GroupCoordinator)
[2024-07-10 01:01:36,987] INFO [GroupMetadataManager brokerId=1] Scheduling loading of offsets and group metadata from __consumer_offsets-17 for epoch 10 (kafka.coordinator.group.GroupMetadataManager)
[2024-07-10 01:01:36,987] INFO [GroupCoordinator 1]: Elected as the group coordinator for partition 30 in epoch 10 (kafka.coordinator.group.GroupCoordinator)
[2024-07-10 01:01:36,987] INFO [GroupMetadataManager brokerId=1] Scheduling loading of offsets and group metadata from __consumer_offsets-30 for epoch 10 (kafka.coordinator.group.GroupMetadataManager)
[2024-07-10 01:01:36,987] INFO [GroupCoordinator 1]: Elected as the group coordinator for partition 26 in epoch 10 (kafka.coordinator.group.GroupCoordinator)
[2024-07-10 01:01:36,987] INFO [GroupMetadataManager brokerId=1] Scheduling loading of offsets and group metadata from __consumer_offsets-26 for epoch 10 (kafka.coordinator.group.GroupMetadataManager)
[2024-07-10 01:01:36,987] INFO [GroupCoordinator 1]: Elected as the group coordinator for partition 5 in epoch 10 (kafka.coordinator.group.GroupCoordinator)
[2024-07-10 01:01:36,988] INFO [GroupMetadataManager brokerId=1] Scheduling loading of offsets and group metadata from __consumer_offsets-5 for epoch 10 (kafka.coordinator.group.GroupMetadataManager)
[2024-07-10 01:01:36,988] INFO [GroupCoordinator 1]: Elected as the group coordinator for partition 38 in epoch 10 (kafka.coordinator.group.GroupCoordinator)
[2024-07-10 01:01:36,988] INFO [GroupMetadataManager brokerId=1] Scheduling loading of offsets and group metadata from __consumer_offsets-38 for epoch 10 (kafka.coordinator.group.GroupMetadataManager)
[2024-07-10 01:01:36,988] INFO [GroupCoordinator 1]: Elected as the group coordinator for partition 1 in epoch 10 (kafka.coordinator.group.GroupCoordinator)
[2024-07-10 01:01:36,988] INFO [GroupMetadataManager brokerId=1] Scheduling loading of offsets and group metadata from __consumer_offsets-1 for epoch 10 (kafka.coordinator.group.GroupMetadataManager)
[2024-07-10 01:01:36,988] INFO [GroupCoordinator 1]: Elected as the group coordinator for partition 34 in epoch 10 (kafka.coordinator.group.GroupCoordinator)
[2024-07-10 01:01:36,988] INFO [GroupMetadataManager brokerId=1] Scheduling loading of offsets and group metadata from __consumer_offsets-34 for epoch 10 (kafka.coordinator.group.GroupMetadataManager)
[2024-07-10 01:01:36,988] INFO [GroupCoordinator 1]: Elected as the group coordinator for partition 16 in epoch 10 (kafka.coordinator.group.GroupCoordinator)
[2024-07-10 01:01:36,988] INFO [GroupMetadataManager brokerId=1] Scheduling loading of offsets and group metadata from __consumer_offsets-16 for epoch 10 (kafka.coordinator.group.GroupMetadataManager)
[2024-07-10 01:01:36,988] INFO [GroupCoordinator 1]: Elected as the group coordinator for partition 45 in epoch 10 (kafka.coordinator.group.GroupCoordinator)
[2024-07-10 01:01:36,988] INFO [GroupMetadataManager brokerId=1] Scheduling loading of offsets and group metadata from __consumer_offsets-45 for epoch 10 (kafka.coordinator.group.GroupMetadataManager)
[2024-07-10 01:01:36,988] INFO [GroupCoordinator 1]: Elected as the group coordinator for partition 12 in epoch 10 (kafka.coordinator.group.GroupCoordinator)
[2024-07-10 01:01:36,988] INFO [GroupMetadataManager brokerId=1] Scheduling loading of offsets and group metadata from __consumer_offsets-12 for epoch 10 (kafka.coordinator.group.GroupMetadataManager)
[2024-07-10 01:01:36,988] INFO [GroupCoordinator 1]: Elected as the group coordinator for partition 41 in epoch 10 (kafka.coordinator.group.GroupCoordinator)
[2024-07-10 01:01:36,989] INFO [GroupMetadataManager brokerId=1] Scheduling loading of offsets and group metadata from __consumer_offsets-41 for epoch 10 (kafka.coordinator.group.GroupMetadataManager)
[2024-07-10 01:01:36,989] INFO [GroupCoordinator 1]: Elected as the group coordinator for partition 24 in epoch 10 (kafka.coordinator.group.GroupCoordinator)
[2024-07-10 01:01:36,989] INFO [GroupMetadataManager brokerId=1] Scheduling loading of offsets and group metadata from __consumer_offsets-24 for epoch 10 (kafka.coordinator.group.GroupMetadataManager)
[2024-07-10 01:01:36,989] INFO [GroupCoordinator 1]: Elected as the group coordinator for partition 20 in epoch 10 (kafka.coordinator.group.GroupCoordinator)
[2024-07-10 01:01:36,989] INFO [GroupMetadataManager brokerId=1] Scheduling loading of offsets and group metadata from __consumer_offsets-20 for epoch 10 (kafka.coordinator.group.GroupMetadataManager)
[2024-07-10 01:01:36,989] INFO [GroupCoordinator 1]: Elected as the group coordinator for partition 49 in epoch 10 (kafka.coordinator.group.GroupCoordinator)
[2024-07-10 01:01:36,989] INFO [GroupMetadataManager brokerId=1] Scheduling loading of offsets and group metadata from __consumer_offsets-49 for epoch 10 (kafka.coordinator.group.GroupMetadataManager)
[2024-07-10 01:01:36,989] INFO [GroupCoordinator 1]: Elected as the group coordinator for partition 0 in epoch 10 (kafka.coordinator.group.GroupCoordinator)
[2024-07-10 01:01:36,989] INFO [GroupMetadataManager brokerId=1] Scheduling loading of offsets and group metadata from __consumer_offsets-0 for epoch 10 (kafka.coordinator.group.GroupMetadataManager)
[2024-07-10 01:01:36,989] INFO [GroupCoordinator 1]: Elected as the group coordinator for partition 29 in epoch 10 (kafka.coordinator.group.GroupCoordinator)
[2024-07-10 01:01:36,989] INFO [GroupMetadataManager brokerId=1] Scheduling loading of offsets and group metadata from __consumer_offsets-29 for epoch 10 (kafka.coordinator.group.GroupMetadataManager)
[2024-07-10 01:01:36,989] INFO [GroupCoordinator 1]: Elected as the group coordinator for partition 25 in epoch 10 (kafka.coordinator.group.GroupCoordinator)
[2024-07-10 01:01:36,989] INFO [GroupMetadataManager brokerId=1] Scheduling loading of offsets and group metadata from __consumer_offsets-25 for epoch 10 (kafka.coordinator.group.GroupMetadataManager)
[2024-07-10 01:01:36,990] INFO [GroupCoordinator 1]: Elected as the group coordinator for partition 8 in epoch 10 (kafka.coordinator.group.GroupCoordinator)
[2024-07-10 01:01:36,990] INFO [GroupMetadataManager brokerId=1] Scheduling loading of offsets and group metadata from __consumer_offsets-8 for epoch 10 (kafka.coordinator.group.GroupMetadataManager)
[2024-07-10 01:01:36,990] INFO [GroupCoordinator 1]: Elected as the group coordinator for partition 37 in epoch 10 (kafka.coordinator.group.GroupCoordinator)
[2024-07-10 01:01:36,990] INFO [GroupMetadataManager brokerId=1] Scheduling loading of offsets and group metadata from __consumer_offsets-37 for epoch 10 (kafka.coordinator.group.GroupMetadataManager)
[2024-07-10 01:01:36,990] INFO [GroupCoordinator 1]: Elected as the group coordinator for partition 4 in epoch 10 (kafka.coordinator.group.GroupCoordinator)
[2024-07-10 01:01:36,990] INFO [GroupMetadataManager brokerId=1] Scheduling loading of offsets and group metadata from __consumer_offsets-4 for epoch 10 (kafka.coordinator.group.GroupMetadataManager)
[2024-07-10 01:01:36,990] INFO [GroupCoordinator 1]: Elected as the group coordinator for partition 33 in epoch 10 (kafka.coordinator.group.GroupCoordinator)
[2024-07-10 01:01:36,990] INFO [GroupMetadataManager brokerId=1] Scheduling loading of offsets and group metadata from __consumer_offsets-33 for epoch 10 (kafka.coordinator.group.GroupMetadataManager)
[2024-07-10 01:01:36,990] INFO [GroupCoordinator 1]: Elected as the group coordinator for partition 15 in epoch 10 (kafka.coordinator.group.GroupCoordinator)
[2024-07-10 01:01:36,990] INFO [GroupMetadataManager brokerId=1] Scheduling loading of offsets and group metadata from __consumer_offsets-15 for epoch 10 (kafka.coordinator.group.GroupMetadataManager)
[2024-07-10 01:01:36,990] INFO [GroupMetadataManager brokerId=1] Finished loading offsets and group metadata from __consumer_offsets-13 in 3 milliseconds for epoch 10, of which 1 milliseconds was spent in the scheduler. (kafka.coordinator.group.GroupMetadataManager)
[2024-07-10 01:01:36,990] INFO [GroupCoordinator 1]: Elected as the group coordinator for partition 48 in epoch 10 (kafka.coordinator.group.GroupCoordinator)
[2024-07-10 01:01:36,990] INFO [GroupMetadataManager brokerId=1] Scheduling loading of offsets and group metadata from __consumer_offsets-48 for epoch 10 (kafka.coordinator.group.GroupMetadataManager)
[2024-07-10 01:01:36,990] INFO [GroupCoordinator 1]: Elected as the group coordinator for partition 11 in epoch 10 (kafka.coordinator.group.GroupCoordinator)
[2024-07-10 01:01:36,990] INFO [GroupMetadataManager brokerId=1] Scheduling loading of offsets and group metadata from __consumer_offsets-11 for epoch 10 (kafka.coordinator.group.GroupMetadataManager)
[2024-07-10 01:01:36,990] INFO [GroupMetadataManager brokerId=1] Finished loading offsets and group metadata from __consumer_offsets-46 in 3 milliseconds for epoch 10, of which 3 milliseconds was spent in the scheduler. (kafka.coordinator.group.GroupMetadataManager)
[2024-07-10 01:01:36,990] INFO [GroupCoordinator 1]: Elected as the group coordinator for partition 44 in epoch 10 (kafka.coordinator.group.GroupCoordinator)
[2024-07-10 01:01:36,991] INFO [GroupMetadataManager brokerId=1] Scheduling loading of offsets and group metadata from __consumer_offsets-44 for epoch 10 (kafka.coordinator.group.GroupMetadataManager)
[2024-07-10 01:01:36,991] INFO [GroupMetadataManager brokerId=1] Finished loading offsets and group metadata from __consumer_offsets-9 in 4 milliseconds for epoch 10, of which 4 milliseconds was spent in the scheduler. (kafka.coordinator.group.GroupMetadataManager)
[2024-07-10 01:01:36,991] INFO [GroupCoordinator 1]: Elected as the group coordinator for partition 23 in epoch 10 (kafka.coordinator.group.GroupCoordinator)
[2024-07-10 01:01:36,991] INFO [GroupMetadataManager brokerId=1] Scheduling loading of offsets and group metadata from __consumer_offsets-23 for epoch 10 (kafka.coordinator.group.GroupMetadataManager)
[2024-07-10 01:01:36,991] INFO [GroupMetadataManager brokerId=1] Finished loading offsets and group metadata from __consumer_offsets-42 in 4 milliseconds for epoch 10, of which 4 milliseconds was spent in the scheduler. (kafka.coordinator.group.GroupMetadataManager)
[2024-07-10 01:01:36,991] INFO [GroupCoordinator 1]: Elected as the group coordinator for partition 19 in epoch 10 (kafka.coordinator.group.GroupCoordinator)
[2024-07-10 01:01:36,991] INFO [GroupMetadataManager brokerId=1] Scheduling loading of offsets and group metadata from __consumer_offsets-19 for epoch 10 (kafka.coordinator.group.GroupMetadataManager)
[2024-07-10 01:01:36,991] INFO [GroupMetadataManager brokerId=1] Finished loading offsets and group metadata from __consumer_offsets-21 in 4 milliseconds for epoch 10, of which 4 milliseconds was spent in the scheduler. (kafka.coordinator.group.GroupMetadataManager)
[2024-07-10 01:01:36,991] INFO [GroupCoordinator 1]: Elected as the group coordinator for partition 32 in epoch 10 (kafka.coordinator.group.GroupCoordinator)
[2024-07-10 01:01:36,991] INFO [GroupMetadataManager brokerId=1] Scheduling loading of offsets and group metadata from __consumer_offsets-32 for epoch 10 (kafka.coordinator.group.GroupMetadataManager)
[2024-07-10 01:01:36,991] INFO [GroupMetadataManager brokerId=1] Finished loading offsets and group metadata from __consumer_offsets-17 in 4 milliseconds for epoch 10, of which 4 milliseconds was spent in the scheduler. (kafka.coordinator.group.GroupMetadataManager)
[2024-07-10 01:01:36,991] INFO [GroupCoordinator 1]: Elected as the group coordinator for partition 28 in epoch 10 (kafka.coordinator.group.GroupCoordinator)
[2024-07-10 01:01:36,991] INFO [GroupMetadataManager brokerId=1] Scheduling loading of offsets and group metadata from __consumer_offsets-28 for epoch 10 (kafka.coordinator.group.GroupMetadataManager)
[2024-07-10 01:01:36,991] INFO [GroupMetadataManager brokerId=1] Finished loading offsets and group metadata from __consumer_offsets-30 in 4 milliseconds for epoch 10, of which 4 milliseconds was spent in the scheduler. (kafka.coordinator.group.GroupMetadataManager)
[2024-07-10 01:01:36,991] INFO [GroupCoordinator 1]: Elected as the group coordinator for partition 7 in epoch 10 (kafka.coordinator.group.GroupCoordinator)
[2024-07-10 01:01:36,991] INFO [GroupMetadataManager brokerId=1] Scheduling loading of offsets and group metadata from __consumer_offsets-7 for epoch 10 (kafka.coordinator.group.GroupMetadataManager)
[2024-07-10 01:01:36,991] INFO [GroupMetadataManager brokerId=1] Finished loading offsets and group metadata from __consumer_offsets-26 in 4 milliseconds for epoch 10, of which 4 milliseconds was spent in the scheduler. (kafka.coordinator.group.GroupMetadataManager)
[2024-07-10 01:01:36,992] INFO [GroupCoordinator 1]: Elected as the group coordinator for partition 40 in epoch 10 (kafka.coordinator.group.GroupCoordinator)
[2024-07-10 01:01:36,992] INFO [GroupMetadataManager brokerId=1] Scheduling loading of offsets and group metadata from __consumer_offsets-40 for epoch 10 (kafka.coordinator.group.GroupMetadataManager)
[2024-07-10 01:01:36,992] INFO [GroupMetadataManager brokerId=1] Finished loading offsets and group metadata from __consumer_offsets-5 in 4 milliseconds for epoch 10, of which 4 milliseconds was spent in the scheduler. (kafka.coordinator.group.GroupMetadataManager)
[2024-07-10 01:01:36,992] INFO [GroupCoordinator 1]: Elected as the group coordinator for partition 3 in epoch 10 (kafka.coordinator.group.GroupCoordinator)
[2024-07-10 01:01:36,992] INFO [GroupMetadataManager brokerId=1] Finished loading offsets and group metadata from __consumer_offsets-38 in 4 milliseconds for epoch 10, of which 4 milliseconds was spent in the scheduler. (kafka.coordinator.group.GroupMetadataManager)
[2024-07-10 01:01:36,992] INFO [GroupMetadataManager brokerId=1] Scheduling loading of offsets and group metadata from __consumer_offsets-3 for epoch 10 (kafka.coordinator.group.GroupMetadataManager)
[2024-07-10 01:01:36,992] INFO [GroupCoordinator 1]: Elected as the group coordinator for partition 36 in epoch 10 (kafka.coordinator.group.GroupCoordinator)
[2024-07-10 01:01:36,992] INFO [GroupMetadataManager brokerId=1] Scheduling loading of offsets and group metadata from __consumer_offsets-36 for epoch 10 (kafka.coordinator.group.GroupMetadataManager)
[2024-07-10 01:01:36,992] INFO [GroupMetadataManager brokerId=1] Finished loading offsets and group metadata from __consumer_offsets-1 in 4 milliseconds for epoch 10, of which 4 milliseconds was spent in the scheduler. (kafka.coordinator.group.GroupMetadataManager)
[2024-07-10 01:01:36,992] INFO [GroupCoordinator 1]: Elected as the group coordinator for partition 47 in epoch 10 (kafka.coordinator.group.GroupCoordinator)
[2024-07-10 01:01:36,992] INFO [GroupMetadataManager brokerId=1] Scheduling loading of offsets and group metadata from __consumer_offsets-47 for epoch 10 (kafka.coordinator.group.GroupMetadataManager)
[2024-07-10 01:01:36,992] INFO [GroupCoordinator 1]: Elected as the group coordinator for partition 14 in epoch 10 (kafka.coordinator.group.GroupCoordinator)
[2024-07-10 01:01:36,992] INFO [GroupMetadataManager brokerId=1] Scheduling loading of offsets and group metadata from __consumer_offsets-14 for epoch 10 (kafka.coordinator.group.GroupMetadataManager)
[2024-07-10 01:01:36,992] INFO [GroupMetadataManager brokerId=1] Finished loading offsets and group metadata from __consumer_offsets-34 in 4 milliseconds for epoch 10, of which 4 milliseconds was spent in the scheduler. (kafka.coordinator.group.GroupMetadataManager)
[2024-07-10 01:01:36,992] INFO [GroupCoordinator 1]: Elected as the group coordinator for partition 43 in epoch 10 (kafka.coordinator.group.GroupCoordinator)
[2024-07-10 01:01:36,992] INFO [GroupMetadataManager brokerId=1] Scheduling loading of offsets and group metadata from __consumer_offsets-43 for epoch 10 (kafka.coordinator.group.GroupMetadataManager)
[2024-07-10 01:01:36,993] INFO [GroupCoordinator 1]: Elected as the group coordinator for partition 10 in epoch 10 (kafka.coordinator.group.GroupCoordinator)
[2024-07-10 01:01:36,993] INFO [GroupMetadataManager brokerId=1] Scheduling loading of offsets and group metadata from __consumer_offsets-10 for epoch 10 (kafka.coordinator.group.GroupMetadataManager)
[2024-07-10 01:01:36,993] INFO [GroupMetadataManager brokerId=1] Finished loading offsets and group metadata from __consumer_offsets-16 in 5 milliseconds for epoch 10, of which 4 milliseconds was spent in the scheduler. (kafka.coordinator.group.GroupMetadataManager)
[2024-07-10 01:01:36,993] INFO [GroupCoordinator 1]: Elected as the group coordinator for partition 22 in epoch 10 (kafka.coordinator.group.GroupCoordinator)
[2024-07-10 01:01:36,993] INFO [GroupMetadataManager brokerId=1] Scheduling loading of offsets and group metadata from __consumer_offsets-22 for epoch 10 (kafka.coordinator.group.GroupMetadataManager)
[2024-07-10 01:01:36,993] INFO [GroupMetadataManager brokerId=1] Finished loading offsets and group metadata from __consumer_offsets-45 in 5 milliseconds for epoch 10, of which 5 milliseconds was spent in the scheduler. (kafka.coordinator.group.GroupMetadataManager)
[2024-07-10 01:01:36,993] INFO [GroupCoordinator 1]: Elected as the group coordinator for partition 18 in epoch 10 (kafka.coordinator.group.GroupCoordinator)
[2024-07-10 01:01:36,993] INFO [GroupMetadataManager brokerId=1] Scheduling loading of offsets and group metadata from __consumer_offsets-18 for epoch 10 (kafka.coordinator.group.GroupMetadataManager)
[2024-07-10 01:01:36,993] INFO [GroupCoordinator 1]: Elected as the group coordinator for partition 31 in epoch 10 (kafka.coordinator.group.GroupCoordinator)
[2024-07-10 01:01:36,993] INFO [GroupMetadataManager brokerId=1] Scheduling loading of offsets and group metadata from __consumer_offsets-31 for epoch 10 (kafka.coordinator.group.GroupMetadataManager)
[2024-07-10 01:01:36,993] INFO [GroupCoordinator 1]: Elected as the group coordinator for partition 27 in epoch 10 (kafka.coordinator.group.GroupCoordinator)
[2024-07-10 01:01:36,993] INFO [GroupMetadataManager brokerId=1] Scheduling loading of offsets and group metadata from __consumer_offsets-27 for epoch 10 (kafka.coordinator.group.GroupMetadataManager)
[2024-07-10 01:01:36,993] INFO [GroupCoordinator 1]: Elected as the group coordinator for partition 39 in epoch 10 (kafka.coordinator.group.GroupCoordinator)
[2024-07-10 01:01:36,993] INFO [GroupMetadataManager brokerId=1] Scheduling loading of offsets and group metadata from __consumer_offsets-39 for epoch 10 (kafka.coordinator.group.GroupMetadataManager)
[2024-07-10 01:01:36,993] INFO [GroupCoordinator 1]: Elected as the group coordinator for partition 6 in epoch 10 (kafka.coordinator.group.GroupCoordinator)
[2024-07-10 01:01:36,993] INFO [GroupMetadataManager brokerId=1] Scheduling loading of offsets and group metadata from __consumer_offsets-6 for epoch 10 (kafka.coordinator.group.GroupMetadataManager)
[2024-07-10 01:01:36,993] INFO [GroupCoordinator 1]: Elected as the group coordinator for partition 35 in epoch 10 (kafka.coordinator.group.GroupCoordinator)
[2024-07-10 01:01:36,993] INFO [GroupMetadataManager brokerId=1] Scheduling loading of offsets and group metadata from __consumer_offsets-35 for epoch 10 (kafka.coordinator.group.GroupMetadataManager)
[2024-07-10 01:01:36,994] INFO [GroupCoordinator 1]: Elected as the group coordinator for partition 2 in epoch 10 (kafka.coordinator.group.GroupCoordinator)
[2024-07-10 01:01:36,994] INFO [GroupMetadataManager brokerId=1] Scheduling loading of offsets and group metadata from __consumer_offsets-2 for epoch 10 (kafka.coordinator.group.GroupMetadataManager)
[2024-07-10 01:01:36,994] INFO [TransactionCoordinator id=1] Elected as the txn coordinator for partition 42 at epoch 10 (kafka.coordinator.transaction.TransactionCoordinator)
[2024-07-10 01:01:36,998] INFO [TransactionCoordinator id=1] Elected as the txn coordinator for partition 13 at epoch 10 (kafka.coordinator.transaction.TransactionCoordinator)
[2024-07-10 01:01:36,998] INFO [TransactionCoordinator id=1] Elected as the txn coordinator for partition 46 at epoch 10 (kafka.coordinator.transaction.TransactionCoordinator)
[2024-07-10 01:01:36,999] INFO [Transaction State Manager 1]: Loading transaction metadata from __transaction_state-42 at epoch 10 (kafka.coordinator.transaction.TransactionStateManager)
[2024-07-10 01:01:36,999] INFO [TransactionCoordinator id=1] Elected as the txn coordinator for partition 17 at epoch 10 (kafka.coordinator.transaction.TransactionCoordinator)
[2024-07-10 01:01:36,999] INFO [TransactionCoordinator id=1] Elected as the txn coordinator for partition 34 at epoch 10 (kafka.coordinator.transaction.TransactionCoordinator)
[2024-07-10 01:01:36,999] INFO [TransactionCoordinator id=1] Elected as the txn coordinator for partition 5 at epoch 10 (kafka.coordinator.transaction.TransactionCoordinator)
[2024-07-10 01:01:36,999] INFO [TransactionCoordinator id=1] Elected as the txn coordinator for partition 38 at epoch 10 (kafka.coordinator.transaction.TransactionCoordinator)
[2024-07-10 01:01:36,999] INFO [TransactionCoordinator id=1] Elected as the txn coordinator for partition 9 at epoch 10 (kafka.coordinator.transaction.TransactionCoordinator)
[2024-07-10 01:01:36,999] INFO [TransactionCoordinator id=1] Elected as the txn coordinator for partition 26 at epoch 10 (kafka.coordinator.transaction.TransactionCoordinator)
[2024-07-10 01:01:36,999] INFO [TransactionCoordinator id=1] Elected as the txn coordinator for partition 30 at epoch 10 (kafka.coordinator.transaction.TransactionCoordinator)
[2024-07-10 01:01:37,000] INFO [TransactionCoordinator id=1] Elected as the txn coordinator for partition 1 at epoch 10 (kafka.coordinator.transaction.TransactionCoordinator)
[2024-07-10 01:01:37,000] INFO [TransactionCoordinator id=1] Elected as the txn coordinator for partition 18 at epoch 10 (kafka.coordinator.transaction.TransactionCoordinator)
[2024-07-10 01:01:37,000] INFO [TransactionCoordinator id=1] Elected as the txn coordinator for partition 22 at epoch 10 (kafka.coordinator.transaction.TransactionCoordinator)
[2024-07-10 01:01:37,000] INFO [TransactionCoordinator id=1] Elected as the txn coordinator for partition 12 at epoch 10 (kafka.coordinator.transaction.TransactionCoordinator)
[2024-07-10 01:01:37,000] INFO [TransactionCoordinator id=1] Elected as the txn coordinator for partition 45 at epoch 10 (kafka.coordinator.transaction.TransactionCoordinator)
[2024-07-10 01:01:37,000] INFO [TransactionCoordinator id=1] Elected as the txn coordinator for partition 16 at epoch 10 (kafka.coordinator.transaction.TransactionCoordinator)
[2024-07-10 01:01:37,000] INFO [TransactionCoordinator id=1] Elected as the txn coordinator for partition 49 at epoch 10 (kafka.coordinator.transaction.TransactionCoordinator)
[2024-07-10 01:01:37,000] INFO [TransactionCoordinator id=1] Elected as the txn coordinator for partition 4 at epoch 10 (kafka.coordinator.transaction.TransactionCoordinator)
[2024-07-10 01:01:37,000] INFO [TransactionCoordinator id=1] Elected as the txn coordinator for partition 37 at epoch 10 (kafka.coordinator.transaction.TransactionCoordinator)
[2024-07-10 01:01:37,000] INFO [TransactionCoordinator id=1] Elected as the txn coordinator for partition 8 at epoch 10 (kafka.coordinator.transaction.TransactionCoordinator)
[2024-07-10 01:01:37,000] INFO [TransactionCoordinator id=1] Elected as the txn coordinator for partition 41 at epoch 10 (kafka.coordinator.transaction.TransactionCoordinator)
[2024-07-10 01:01:37,001] INFO [TransactionCoordinator id=1] Elected as the txn coordinator for partition 29 at epoch 10 (kafka.coordinator.transaction.TransactionCoordinator)
[2024-07-10 01:01:37,001] INFO [TransactionCoordinator id=1] Elected as the txn coordinator for partition 0 at epoch 10 (kafka.coordinator.transaction.TransactionCoordinator)
[2024-07-10 01:01:37,001] INFO [TransactionCoordinator id=1] Elected as the txn coordinator for partition 33 at epoch 10 (kafka.coordinator.transaction.TransactionCoordinator)
[2024-07-10 01:01:37,001] INFO [TransactionCoordinator id=1] Elected as the txn coordinator for partition 21 at epoch 10 (kafka.coordinator.transaction.TransactionCoordinator)
[2024-07-10 01:01:37,001] INFO [TransactionCoordinator id=1] Elected as the txn coordinator for partition 25 at epoch 10 (kafka.coordinator.transaction.TransactionCoordinator)
[2024-07-10 01:01:37,001] INFO [TransactionCoordinator id=1] Elected as the txn coordinator for partition 11 at epoch 10 (kafka.coordinator.transaction.TransactionCoordinator)
[2024-07-10 01:01:37,001] INFO [TransactionCoordinator id=1] Elected as the txn coordinator for partition 44 at epoch 10 (kafka.coordinator.transaction.TransactionCoordinator)
[2024-07-10 01:01:37,001] INFO [TransactionCoordinator id=1] Elected as the txn coordinator for partition 15 at epoch 10 (kafka.coordinator.transaction.TransactionCoordinator)
[2024-07-10 01:01:37,001] INFO [TransactionCoordinator id=1] Elected as the txn coordinator for partition 48 at epoch 10 (kafka.coordinator.transaction.TransactionCoordinator)
[2024-07-10 01:01:37,001] INFO [TransactionCoordinator id=1] Elected as the txn coordinator for partition 3 at epoch 10 (kafka.coordinator.transaction.TransactionCoordinator)
[2024-07-10 01:01:37,001] INFO [TransactionCoordinator id=1] Elected as the txn coordinator for partition 36 at epoch 10 (kafka.coordinator.transaction.TransactionCoordinator)
[2024-07-10 01:01:37,002] INFO [TransactionCoordinator id=1] Elected as the txn coordinator for partition 7 at epoch 10 (kafka.coordinator.transaction.TransactionCoordinator)
[2024-07-10 01:01:37,002] INFO [TransactionCoordinator id=1] Elected as the txn coordinator for partition 40 at epoch 10 (kafka.coordinator.transaction.TransactionCoordinator)
[2024-07-10 01:01:37,002] INFO [TransactionCoordinator id=1] Elected as the txn coordinator for partition 28 at epoch 10 (kafka.coordinator.transaction.TransactionCoordinator)
[2024-07-10 01:01:37,002] INFO [TransactionCoordinator id=1] Elected as the txn coordinator for partition 32 at epoch 10 (kafka.coordinator.transaction.TransactionCoordinator)
[2024-07-10 01:01:37,002] INFO [TransactionCoordinator id=1] Elected as the txn coordinator for partition 20 at epoch 10 (kafka.coordinator.transaction.TransactionCoordinator)
[2024-07-10 01:01:37,002] INFO [TransactionCoordinator id=1] Elected as the txn coordinator for partition 24 at epoch 10 (kafka.coordinator.transaction.TransactionCoordinator)
[2024-07-10 01:01:37,002] INFO [TransactionCoordinator id=1] Elected as the txn coordinator for partition 10 at epoch 10 (kafka.coordinator.transaction.TransactionCoordinator)
[2024-07-10 01:01:37,002] INFO [TransactionCoordinator id=1] Elected as the txn coordinator for partition 43 at epoch 10 (kafka.coordinator.transaction.TransactionCoordinator)
[2024-07-10 01:01:37,003] INFO [TransactionCoordinator id=1] Elected as the txn coordinator for partition 14 at epoch 10 (kafka.coordinator.transaction.TransactionCoordinator)
[2024-07-10 01:01:37,003] INFO [TransactionCoordinator id=1] Elected as the txn coordinator for partition 47 at epoch 10 (kafka.coordinator.transaction.TransactionCoordinator)
[2024-07-10 01:01:37,003] INFO [TransactionCoordinator id=1] Elected as the txn coordinator for partition 2 at epoch 10 (kafka.coordinator.transaction.TransactionCoordinator)
[2024-07-10 01:01:37,003] INFO [TransactionCoordinator id=1] Elected as the txn coordinator for partition 35 at epoch 10 (kafka.coordinator.transaction.TransactionCoordinator)
[2024-07-10 01:01:37,003] INFO [TransactionCoordinator id=1] Elected as the txn coordinator for partition 6 at epoch 10 (kafka.coordinator.transaction.TransactionCoordinator)
[2024-07-10 01:01:37,003] INFO [TransactionCoordinator id=1] Elected as the txn coordinator for partition 39 at epoch 10 (kafka.coordinator.transaction.TransactionCoordinator)
[2024-07-10 01:01:37,003] INFO [TransactionCoordinator id=1] Elected as the txn coordinator for partition 27 at epoch 10 (kafka.coordinator.transaction.TransactionCoordinator)
[2024-07-10 01:01:37,003] INFO [TransactionCoordinator id=1] Elected as the txn coordinator for partition 31 at epoch 10 (kafka.coordinator.transaction.TransactionCoordinator)
[2024-07-10 01:01:37,003] INFO [TransactionCoordinator id=1] Elected as the txn coordinator for partition 19 at epoch 10 (kafka.coordinator.transaction.TransactionCoordinator)
[2024-07-10 01:01:37,004] INFO [TransactionCoordinator id=1] Elected as the txn coordinator for partition 23 at epoch 10 (kafka.coordinator.transaction.TransactionCoordinator)
[2024-07-10 01:01:37,008] INFO Loaded member MemberMetadata(memberId=console-consumer-11ef80e4-d6ca-46b1-95fe-69b63e82b34e, groupInstanceId=None, clientId=console-consumer, clientHost=/127.0.0.1, sessionTimeoutMs=45000, rebalanceTimeoutMs=300000, supportedProtocols=List(range)) in group console-consumer-4937 with generation 1. (kafka.coordinator.group.GroupMetadata$)
[2024-07-10 01:01:37,009] INFO [DynamicConfigPublisher broker id=1] Updating topic __transaction_state with new configuration : compression.type -> uncompressed,cleanup.policy -> compact,min.insync.replicas -> 1,segment.bytes -> 104857600,unclean.leader.election.enable -> false (kafka.server.metadata.DynamicConfigPublisher)
[2024-07-10 01:01:37,016] INFO [GroupMetadataManager brokerId=1] Finished loading offsets and group metadata from __consumer_offsets-12 in 28 milliseconds for epoch 10, of which 5 milliseconds was spent in the scheduler. (kafka.coordinator.group.GroupMetadataManager)
[2024-07-10 01:01:37,017] INFO [Transaction State Manager 1]: Finished loading 1 transaction metadata from __transaction_state-42 in 19 milliseconds, of which 1 milliseconds was spent in the scheduler. (kafka.coordinator.transaction.TransactionStateManager)
[2024-07-10 01:01:37,018] INFO [DynamicConfigPublisher broker id=1] Updating topic __consumer_offsets with new configuration : compression.type -> producer,cleanup.policy -> compact,segment.bytes -> 104857600 (kafka.server.metadata.DynamicConfigPublisher)
[2024-07-10 01:01:37,019] INFO Loaded member MemberMetadata(memberId=console-consumer-fbdbeb8f-9529-4089-8bc1-b0411f9de572, groupInstanceId=None, clientId=console-consumer, clientHost=/127.0.0.1, sessionTimeoutMs=45000, rebalanceTimeoutMs=300000, supportedProtocols=List(range)) in group console-consumer-26020 with generation 1. (kafka.coordinator.group.GroupMetadata$)
[2024-07-10 01:01:37,020] INFO [GroupMetadataManager brokerId=1] Finished loading offsets and group metadata from __consumer_offsets-41 in 31 milliseconds for epoch 10, of which 27 milliseconds was spent in the scheduler. (kafka.coordinator.group.GroupMetadataManager)
[2024-07-10 01:01:37,021] INFO [GroupMetadataManager brokerId=1] Finished loading offsets and group metadata from __consumer_offsets-24 in 32 milliseconds for epoch 10, of which 32 milliseconds was spent in the scheduler. (kafka.coordinator.group.GroupMetadataManager)
[2024-07-10 01:01:37,021] INFO [GroupMetadataManager brokerId=1] Finished loading offsets and group metadata from __consumer_offsets-20 in 32 milliseconds for epoch 10, of which 32 milliseconds was spent in the scheduler. (kafka.coordinator.group.GroupMetadataManager)
[2024-07-10 01:01:37,022] INFO [GroupMetadataManager brokerId=1] Finished loading offsets and group metadata from __consumer_offsets-49 in 33 milliseconds for epoch 10, of which 33 milliseconds was spent in the scheduler. (kafka.coordinator.group.GroupMetadataManager)
[2024-07-10 01:01:37,022] INFO [GroupMetadataManager brokerId=1] Finished loading offsets and group metadata from __consumer_offsets-0 in 33 milliseconds for epoch 10, of which 33 milliseconds was spent in the scheduler. (kafka.coordinator.group.GroupMetadataManager)
[2024-07-10 01:01:37,024] INFO [Transaction State Manager 1]: Completed loading transaction metadata from __transaction_state-42 for coordinator epoch 10 (kafka.coordinator.transaction.TransactionStateManager)
[2024-07-10 01:01:37,024] INFO [Transaction State Manager 1]: Loading transaction metadata from __transaction_state-13 at epoch 10 (kafka.coordinator.transaction.TransactionStateManager)
[2024-07-10 01:01:37,024] INFO [Transaction State Manager 1]: Finished loading 0 transaction metadata from __transaction_state-13 in 26 milliseconds, of which 26 milliseconds was spent in the scheduler. (kafka.coordinator.transaction.TransactionStateManager)
[2024-07-10 01:01:37,024] INFO [Transaction State Manager 1]: Completed loading transaction metadata from __transaction_state-13 for coordinator epoch 10 (kafka.coordinator.transaction.TransactionStateManager)
[2024-07-10 01:01:37,024] INFO [Transaction State Manager 1]: Loading transaction metadata from __transaction_state-46 at epoch 10 (kafka.coordinator.transaction.TransactionStateManager)
[2024-07-10 01:01:37,025] INFO [Transaction State Manager 1]: Finished loading 0 transaction metadata from __transaction_state-46 in 26 milliseconds, of which 25 milliseconds was spent in the scheduler. (kafka.coordinator.transaction.TransactionStateManager)
[2024-07-10 01:01:37,025] INFO Loaded member MemberMetadata(memberId=console-consumer-88156f08-a1cf-4e8e-b716-d562ac4363cd, groupInstanceId=None, clientId=console-consumer, clientHost=/127.0.0.1, sessionTimeoutMs=45000, rebalanceTimeoutMs=300000, supportedProtocols=List(range)) in group console-consumer-18432 with generation 1. (kafka.coordinator.group.GroupMetadata$)
[2024-07-10 01:01:37,025] INFO [Transaction State Manager 1]: Completed loading transaction metadata from __transaction_state-46 for coordinator epoch 10 (kafka.coordinator.transaction.TransactionStateManager)
[2024-07-10 01:01:37,025] INFO [Transaction State Manager 1]: Loading transaction metadata from __transaction_state-17 at epoch 10 (kafka.coordinator.transaction.TransactionStateManager)
[2024-07-10 01:01:37,025] INFO [Transaction State Manager 1]: Finished loading 0 transaction metadata from __transaction_state-17 in 26 milliseconds, of which 26 milliseconds was spent in the scheduler. (kafka.coordinator.transaction.TransactionStateManager)
[2024-07-10 01:01:37,025] INFO [Transaction State Manager 1]: Completed loading transaction metadata from __transaction_state-17 for coordinator epoch 10 (kafka.coordinator.transaction.TransactionStateManager)
[2024-07-10 01:01:37,025] INFO [Transaction State Manager 1]: Loading transaction metadata from __transaction_state-34 at epoch 10 (kafka.coordinator.transaction.TransactionStateManager)
[2024-07-10 01:01:37,025] INFO [Transaction State Manager 1]: Finished loading 0 transaction metadata from __transaction_state-34 in 26 milliseconds, of which 26 milliseconds was spent in the scheduler. (kafka.coordinator.transaction.TransactionStateManager)
[2024-07-10 01:01:37,025] INFO [Transaction State Manager 1]: Completed loading transaction metadata from __transaction_state-34 for coordinator epoch 10 (kafka.coordinator.transaction.TransactionStateManager)
[2024-07-10 01:01:37,025] INFO [Transaction State Manager 1]: Loading transaction metadata from __transaction_state-5 at epoch 10 (kafka.coordinator.transaction.TransactionStateManager)
[2024-07-10 01:01:37,026] INFO [Transaction State Manager 1]: Finished loading 0 transaction metadata from __transaction_state-5 in 27 milliseconds, of which 26 milliseconds was spent in the scheduler. (kafka.coordinator.transaction.TransactionStateManager)
[2024-07-10 01:01:37,026] INFO [Transaction State Manager 1]: Completed loading transaction metadata from __transaction_state-5 for coordinator epoch 10 (kafka.coordinator.transaction.TransactionStateManager)
[2024-07-10 01:01:37,026] INFO [Transaction State Manager 1]: Loading transaction metadata from __transaction_state-38 at epoch 10 (kafka.coordinator.transaction.TransactionStateManager)
[2024-07-10 01:01:37,026] INFO [Transaction State Manager 1]: Finished loading 0 transaction metadata from __transaction_state-38 in 27 milliseconds, of which 27 milliseconds was spent in the scheduler. (kafka.coordinator.transaction.TransactionStateManager)
[2024-07-10 01:01:37,026] INFO [Transaction State Manager 1]: Completed loading transaction metadata from __transaction_state-38 for coordinator epoch 10 (kafka.coordinator.transaction.TransactionStateManager)
[2024-07-10 01:01:37,026] INFO [Transaction State Manager 1]: Loading transaction metadata from __transaction_state-9 at epoch 10 (kafka.coordinator.transaction.TransactionStateManager)
[2024-07-10 01:01:37,026] INFO [Transaction State Manager 1]: Finished loading 0 transaction metadata from __transaction_state-9 in 27 milliseconds, of which 27 milliseconds was spent in the scheduler. (kafka.coordinator.transaction.TransactionStateManager)
[2024-07-10 01:01:37,026] INFO [Transaction State Manager 1]: Completed loading transaction metadata from __transaction_state-9 for coordinator epoch 10 (kafka.coordinator.transaction.TransactionStateManager)
[2024-07-10 01:01:37,026] INFO [Transaction State Manager 1]: Loading transaction metadata from __transaction_state-26 at epoch 10 (kafka.coordinator.transaction.TransactionStateManager)
[2024-07-10 01:01:37,026] INFO [Transaction State Manager 1]: Finished loading 0 transaction metadata from __transaction_state-26 in 27 milliseconds, of which 27 milliseconds was spent in the scheduler. (kafka.coordinator.transaction.TransactionStateManager)
[2024-07-10 01:01:37,026] INFO [Transaction State Manager 1]: Completed loading transaction metadata from __transaction_state-26 for coordinator epoch 10 (kafka.coordinator.transaction.TransactionStateManager)
[2024-07-10 01:01:37,026] INFO [GroupCoordinator 1]: Loading group metadata for console-consumer-18432 with generation 1 (kafka.coordinator.group.GroupCoordinator)
[2024-07-10 01:01:37,026] INFO [Transaction State Manager 1]: Loading transaction metadata from __transaction_state-30 at epoch 10 (kafka.coordinator.transaction.TransactionStateManager)
[2024-07-10 01:01:37,027] INFO [Transaction State Manager 1]: Finished loading 0 transaction metadata from __transaction_state-30 in 27 milliseconds, of which 26 milliseconds was spent in the scheduler. (kafka.coordinator.transaction.TransactionStateManager)
[2024-07-10 01:01:37,027] INFO [Transaction State Manager 1]: Completed loading transaction metadata from __transaction_state-30 for coordinator epoch 10 (kafka.coordinator.transaction.TransactionStateManager)
[2024-07-10 01:01:37,027] INFO [Transaction State Manager 1]: Loading transaction metadata from __transaction_state-1 at epoch 10 (kafka.coordinator.transaction.TransactionStateManager)
[2024-07-10 01:01:37,027] INFO [Transaction State Manager 1]: Finished loading 0 transaction metadata from __transaction_state-1 in 27 milliseconds, of which 27 milliseconds was spent in the scheduler. (kafka.coordinator.transaction.TransactionStateManager)
[2024-07-10 01:01:37,027] INFO [Transaction State Manager 1]: Completed loading transaction metadata from __transaction_state-1 for coordinator epoch 10 (kafka.coordinator.transaction.TransactionStateManager)
[2024-07-10 01:01:37,027] INFO [Transaction State Manager 1]: Loading transaction metadata from __transaction_state-18 at epoch 10 (kafka.coordinator.transaction.TransactionStateManager)
[2024-07-10 01:01:37,027] INFO [Transaction State Manager 1]: Finished loading 0 transaction metadata from __transaction_state-18 in 27 milliseconds, of which 27 milliseconds was spent in the scheduler. (kafka.coordinator.transaction.TransactionStateManager)
[2024-07-10 01:01:37,027] INFO [Transaction State Manager 1]: Completed loading transaction metadata from __transaction_state-18 for coordinator epoch 10 (kafka.coordinator.transaction.TransactionStateManager)
[2024-07-10 01:01:37,027] INFO [Transaction State Manager 1]: Loading transaction metadata from __transaction_state-22 at epoch 10 (kafka.coordinator.transaction.TransactionStateManager)
[2024-07-10 01:01:37,027] INFO [Transaction State Manager 1]: Finished loading 0 transaction metadata from __transaction_state-22 in 27 milliseconds, of which 27 milliseconds was spent in the scheduler. (kafka.coordinator.transaction.TransactionStateManager)
[2024-07-10 01:01:37,027] INFO [Transaction State Manager 1]: Completed loading transaction metadata from __transaction_state-22 for coordinator epoch 10 (kafka.coordinator.transaction.TransactionStateManager)
[2024-07-10 01:01:37,028] INFO [Transaction State Manager 1]: Loading transaction metadata from __transaction_state-12 at epoch 10 (kafka.coordinator.transaction.TransactionStateManager)
[2024-07-10 01:01:37,028] INFO [Transaction State Manager 1]: Finished loading 0 transaction metadata from __transaction_state-12 in 28 milliseconds, of which 28 milliseconds was spent in the scheduler. (kafka.coordinator.transaction.TransactionStateManager)
[2024-07-10 01:01:37,028] INFO [Transaction State Manager 1]: Completed loading transaction metadata from __transaction_state-12 for coordinator epoch 10 (kafka.coordinator.transaction.TransactionStateManager)
[2024-07-10 01:01:37,028] INFO [Transaction State Manager 1]: Loading transaction metadata from __transaction_state-45 at epoch 10 (kafka.coordinator.transaction.TransactionStateManager)
[2024-07-10 01:01:37,028] INFO [Transaction State Manager 1]: Finished loading 0 transaction metadata from __transaction_state-45 in 28 milliseconds, of which 28 milliseconds was spent in the scheduler. (kafka.coordinator.transaction.TransactionStateManager)
[2024-07-10 01:01:37,028] INFO [Transaction State Manager 1]: Completed loading transaction metadata from __transaction_state-45 for coordinator epoch 10 (kafka.coordinator.transaction.TransactionStateManager)
[2024-07-10 01:01:37,028] INFO [Transaction State Manager 1]: Loading transaction metadata from __transaction_state-16 at epoch 10 (kafka.coordinator.transaction.TransactionStateManager)
[2024-07-10 01:01:37,028] INFO [Transaction State Manager 1]: Finished loading 0 transaction metadata from __transaction_state-16 in 28 milliseconds, of which 28 milliseconds was spent in the scheduler. (kafka.coordinator.transaction.TransactionStateManager)
[2024-07-10 01:01:37,028] INFO [Transaction State Manager 1]: Completed loading transaction metadata from __transaction_state-16 for coordinator epoch 10 (kafka.coordinator.transaction.TransactionStateManager)
[2024-07-10 01:01:37,028] INFO [Transaction State Manager 1]: Loading transaction metadata from __transaction_state-49 at epoch 10 (kafka.coordinator.transaction.TransactionStateManager)
[2024-07-10 01:01:37,028] INFO [Transaction State Manager 1]: Finished loading 0 transaction metadata from __transaction_state-49 in 28 milliseconds, of which 28 milliseconds was spent in the scheduler. (kafka.coordinator.transaction.TransactionStateManager)
[2024-07-10 01:01:37,028] INFO [Transaction State Manager 1]: Completed loading transaction metadata from __transaction_state-49 for coordinator epoch 10 (kafka.coordinator.transaction.TransactionStateManager)
[2024-07-10 01:01:37,029] INFO [Transaction State Manager 1]: Loading transaction metadata from __transaction_state-4 at epoch 10 (kafka.coordinator.transaction.TransactionStateManager)
[2024-07-10 01:01:37,029] INFO [Transaction State Manager 1]: Finished loading 0 transaction metadata from __transaction_state-4 in 29 milliseconds, of which 29 milliseconds was spent in the scheduler. (kafka.coordinator.transaction.TransactionStateManager)
[2024-07-10 01:01:37,029] INFO [Transaction State Manager 1]: Completed loading transaction metadata from __transaction_state-4 for coordinator epoch 10 (kafka.coordinator.transaction.TransactionStateManager)
[2024-07-10 01:01:37,029] INFO [Transaction State Manager 1]: Loading transaction metadata from __transaction_state-37 at epoch 10 (kafka.coordinator.transaction.TransactionStateManager)
[2024-07-10 01:01:37,029] INFO [Transaction State Manager 1]: Finished loading 0 transaction metadata from __transaction_state-37 in 29 milliseconds, of which 29 milliseconds was spent in the scheduler. (kafka.coordinator.transaction.TransactionStateManager)
[2024-07-10 01:01:37,029] INFO [Transaction State Manager 1]: Completed loading transaction metadata from __transaction_state-37 for coordinator epoch 10 (kafka.coordinator.transaction.TransactionStateManager)
[2024-07-10 01:01:37,029] INFO [Transaction State Manager 1]: Loading transaction metadata from __transaction_state-8 at epoch 10 (kafka.coordinator.transaction.TransactionStateManager)
[2024-07-10 01:01:37,029] INFO [Transaction State Manager 1]: Finished loading 0 transaction metadata from __transaction_state-8 in 29 milliseconds, of which 29 milliseconds was spent in the scheduler. (kafka.coordinator.transaction.TransactionStateManager)
[2024-07-10 01:01:37,029] INFO [Transaction State Manager 1]: Completed loading transaction metadata from __transaction_state-8 for coordinator epoch 10 (kafka.coordinator.transaction.TransactionStateManager)
[2024-07-10 01:01:37,029] INFO [Transaction State Manager 1]: Loading transaction metadata from __transaction_state-41 at epoch 10 (kafka.coordinator.transaction.TransactionStateManager)
[2024-07-10 01:01:37,029] INFO [Transaction State Manager 1]: Finished loading 0 transaction metadata from __transaction_state-41 in 28 milliseconds, of which 28 milliseconds was spent in the scheduler. (kafka.coordinator.transaction.TransactionStateManager)
[2024-07-10 01:01:37,029] INFO [Transaction State Manager 1]: Completed loading transaction metadata from __transaction_state-41 for coordinator epoch 10 (kafka.coordinator.transaction.TransactionStateManager)
[2024-07-10 01:01:37,029] INFO [Transaction State Manager 1]: Loading transaction metadata from __transaction_state-29 at epoch 10 (kafka.coordinator.transaction.TransactionStateManager)
[2024-07-10 01:01:37,030] INFO [Transaction State Manager 1]: Finished loading 0 transaction metadata from __transaction_state-29 in 28 milliseconds, of which 28 milliseconds was spent in the scheduler. (kafka.coordinator.transaction.TransactionStateManager)
[2024-07-10 01:01:37,030] INFO [Transaction State Manager 1]: Completed loading transaction metadata from __transaction_state-29 for coordinator epoch 10 (kafka.coordinator.transaction.TransactionStateManager)
[2024-07-10 01:01:37,030] INFO [Transaction State Manager 1]: Loading transaction metadata from __transaction_state-0 at epoch 10 (kafka.coordinator.transaction.TransactionStateManager)
[2024-07-10 01:01:37,030] INFO [Transaction State Manager 1]: Finished loading 0 transaction metadata from __transaction_state-0 in 29 milliseconds, of which 29 milliseconds was spent in the scheduler. (kafka.coordinator.transaction.TransactionStateManager)
[2024-07-10 01:01:37,030] INFO [Transaction State Manager 1]: Completed loading transaction metadata from __transaction_state-0 for coordinator epoch 10 (kafka.coordinator.transaction.TransactionStateManager)
[2024-07-10 01:01:37,030] INFO [Transaction State Manager 1]: Loading transaction metadata from __transaction_state-33 at epoch 10 (kafka.coordinator.transaction.TransactionStateManager)
[2024-07-10 01:01:37,030] INFO [Transaction State Manager 1]: Finished loading 0 transaction metadata from __transaction_state-33 in 29 milliseconds, of which 29 milliseconds was spent in the scheduler. (kafka.coordinator.transaction.TransactionStateManager)
[2024-07-10 01:01:37,030] INFO [Transaction State Manager 1]: Completed loading transaction metadata from __transaction_state-33 for coordinator epoch 10 (kafka.coordinator.transaction.TransactionStateManager)
[2024-07-10 01:01:37,030] INFO [Transaction State Manager 1]: Loading transaction metadata from __transaction_state-21 at epoch 10 (kafka.coordinator.transaction.TransactionStateManager)
[2024-07-10 01:01:37,030] INFO [Transaction State Manager 1]: Finished loading 0 transaction metadata from __transaction_state-21 in 29 milliseconds, of which 29 milliseconds was spent in the scheduler. (kafka.coordinator.transaction.TransactionStateManager)
[2024-07-10 01:01:37,030] INFO [Transaction State Manager 1]: Completed loading transaction metadata from __transaction_state-21 for coordinator epoch 10 (kafka.coordinator.transaction.TransactionStateManager)
[2024-07-10 01:01:37,030] INFO [GroupMetadataManager brokerId=1] Finished loading offsets and group metadata from __consumer_offsets-29 in 41 milliseconds for epoch 10, of which 33 milliseconds was spent in the scheduler. (kafka.coordinator.group.GroupMetadataManager)
[2024-07-10 01:01:37,030] INFO [Transaction State Manager 1]: Loading transaction metadata from __transaction_state-25 at epoch 10 (kafka.coordinator.transaction.TransactionStateManager)
[2024-07-10 01:01:37,031] INFO [Transaction State Manager 1]: Finished loading 0 transaction metadata from __transaction_state-25 in 29 milliseconds, of which 29 milliseconds was spent in the scheduler. (kafka.coordinator.transaction.TransactionStateManager)
[2024-07-10 01:01:37,031] INFO [GroupMetadataManager brokerId=1] Finished loading offsets and group metadata from __consumer_offsets-25 in 41 milliseconds for epoch 10, of which 40 milliseconds was spent in the scheduler. (kafka.coordinator.group.GroupMetadataManager)
[2024-07-10 01:01:37,031] INFO [Transaction State Manager 1]: Completed loading transaction metadata from __transaction_state-25 for coordinator epoch 10 (kafka.coordinator.transaction.TransactionStateManager)
[2024-07-10 01:01:37,031] INFO [Transaction State Manager 1]: Loading transaction metadata from __transaction_state-11 at epoch 10 (kafka.coordinator.transaction.TransactionStateManager)
[2024-07-10 01:01:37,031] INFO [GroupMetadataManager brokerId=1] Finished loading offsets and group metadata from __consumer_offsets-8 in 41 milliseconds for epoch 10, of which 41 milliseconds was spent in the scheduler. (kafka.coordinator.group.GroupMetadataManager)
[2024-07-10 01:01:37,031] INFO [Transaction State Manager 1]: Finished loading 0 transaction metadata from __transaction_state-11 in 30 milliseconds, of which 30 milliseconds was spent in the scheduler. (kafka.coordinator.transaction.TransactionStateManager)
[2024-07-10 01:01:37,031] INFO [Transaction State Manager 1]: Completed loading transaction metadata from __transaction_state-11 for coordinator epoch 10 (kafka.coordinator.transaction.TransactionStateManager)
[2024-07-10 01:01:37,031] INFO [Transaction State Manager 1]: Loading transaction metadata from __transaction_state-44 at epoch 10 (kafka.coordinator.transaction.TransactionStateManager)
[2024-07-10 01:01:37,031] INFO [Transaction State Manager 1]: Finished loading 0 transaction metadata from __transaction_state-44 in 30 milliseconds, of which 30 milliseconds was spent in the scheduler. (kafka.coordinator.transaction.TransactionStateManager)
[2024-07-10 01:01:37,031] INFO [Transaction State Manager 1]: Completed loading transaction metadata from __transaction_state-44 for coordinator epoch 10 (kafka.coordinator.transaction.TransactionStateManager)
[2024-07-10 01:01:37,031] INFO [Transaction State Manager 1]: Loading transaction metadata from __transaction_state-15 at epoch 10 (kafka.coordinator.transaction.TransactionStateManager)
[2024-07-10 01:01:37,031] INFO [Transaction State Manager 1]: Finished loading 0 transaction metadata from __transaction_state-15 in 30 milliseconds, of which 30 milliseconds was spent in the scheduler. (kafka.coordinator.transaction.TransactionStateManager)
[2024-07-10 01:01:37,031] INFO [Transaction State Manager 1]: Completed loading transaction metadata from __transaction_state-15 for coordinator epoch 10 (kafka.coordinator.transaction.TransactionStateManager)
[2024-07-10 01:01:37,031] INFO [Transaction State Manager 1]: Loading transaction metadata from __transaction_state-48 at epoch 10 (kafka.coordinator.transaction.TransactionStateManager)
[2024-07-10 01:01:37,034] INFO Loaded member MemberMetadata(memberId=console-consumer-c123fdf2-651c-4276-b45a-cb8958362f12, groupInstanceId=None, clientId=console-consumer, clientHost=/127.0.0.1, sessionTimeoutMs=45000, rebalanceTimeoutMs=300000, supportedProtocols=List(range)) in group console-consumer-91637 with generation 1. (kafka.coordinator.group.GroupMetadata$)
[2024-07-10 01:01:37,034] INFO [GroupMetadataManager brokerId=1] Finished loading offsets and group metadata from __consumer_offsets-37 in 44 milliseconds for epoch 10, of which 41 milliseconds was spent in the scheduler. (kafka.coordinator.group.GroupMetadataManager)
[2024-07-10 01:01:37,034] INFO [GroupMetadataManager brokerId=1] Finished loading offsets and group metadata from __consumer_offsets-4 in 44 milliseconds for epoch 10, of which 44 milliseconds was spent in the scheduler. (kafka.coordinator.group.GroupMetadataManager)
[2024-07-10 01:01:37,034] INFO [Transaction State Manager 1]: Finished loading 1 transaction metadata from __transaction_state-48 in 33 milliseconds, of which 30 milliseconds was spent in the scheduler. (kafka.coordinator.transaction.TransactionStateManager)
[2024-07-10 01:01:37,034] INFO [Transaction State Manager 1]: Completed loading transaction metadata from __transaction_state-48 for coordinator epoch 10 (kafka.coordinator.transaction.TransactionStateManager)
[2024-07-10 01:01:37,035] INFO [Transaction State Manager 1]: Loading transaction metadata from __transaction_state-3 at epoch 10 (kafka.coordinator.transaction.TransactionStateManager)
[2024-07-10 01:01:37,035] INFO [Transaction State Manager 1]: Finished loading 0 transaction metadata from __transaction_state-3 in 34 milliseconds, of which 34 milliseconds was spent in the scheduler. (kafka.coordinator.transaction.TransactionStateManager)
[2024-07-10 01:01:37,035] INFO [Transaction State Manager 1]: Completed loading transaction metadata from __transaction_state-3 for coordinator epoch 10 (kafka.coordinator.transaction.TransactionStateManager)
[2024-07-10 01:01:37,035] INFO [Transaction State Manager 1]: Loading transaction metadata from __transaction_state-36 at epoch 10 (kafka.coordinator.transaction.TransactionStateManager)
[2024-07-10 01:01:37,035] INFO [Transaction State Manager 1]: Finished loading 0 transaction metadata from __transaction_state-36 in 33 milliseconds, of which 33 milliseconds was spent in the scheduler. (kafka.coordinator.transaction.TransactionStateManager)
[2024-07-10 01:01:37,035] INFO [Transaction State Manager 1]: Completed loading transaction metadata from __transaction_state-36 for coordinator epoch 10 (kafka.coordinator.transaction.TransactionStateManager)
[2024-07-10 01:01:37,035] INFO [Transaction State Manager 1]: Loading transaction metadata from __transaction_state-7 at epoch 10 (kafka.coordinator.transaction.TransactionStateManager)
[2024-07-10 01:01:37,035] INFO [Transaction State Manager 1]: Finished loading 0 transaction metadata from __transaction_state-7 in 33 milliseconds, of which 33 milliseconds was spent in the scheduler. (kafka.coordinator.transaction.TransactionStateManager)
[2024-07-10 01:01:37,035] INFO [Transaction State Manager 1]: Completed loading transaction metadata from __transaction_state-7 for coordinator epoch 10 (kafka.coordinator.transaction.TransactionStateManager)
[2024-07-10 01:01:37,035] INFO [Transaction State Manager 1]: Loading transaction metadata from __transaction_state-40 at epoch 10 (kafka.coordinator.transaction.TransactionStateManager)
[2024-07-10 01:01:37,035] INFO [Transaction State Manager 1]: Finished loading 0 transaction metadata from __transaction_state-40 in 33 milliseconds, of which 33 milliseconds was spent in the scheduler. (kafka.coordinator.transaction.TransactionStateManager)
[2024-07-10 01:01:37,036] INFO [Transaction State Manager 1]: Completed loading transaction metadata from __transaction_state-40 for coordinator epoch 10 (kafka.coordinator.transaction.TransactionStateManager)
[2024-07-10 01:01:37,036] INFO [Transaction State Manager 1]: Loading transaction metadata from __transaction_state-28 at epoch 10 (kafka.coordinator.transaction.TransactionStateManager)
[2024-07-10 01:01:37,036] INFO [Transaction State Manager 1]: Finished loading 0 transaction metadata from __transaction_state-28 in 34 milliseconds, of which 34 milliseconds was spent in the scheduler. (kafka.coordinator.transaction.TransactionStateManager)
[2024-07-10 01:01:37,036] INFO [Transaction State Manager 1]: Completed loading transaction metadata from __transaction_state-28 for coordinator epoch 10 (kafka.coordinator.transaction.TransactionStateManager)
[2024-07-10 01:01:37,036] INFO [Transaction State Manager 1]: Loading transaction metadata from __transaction_state-32 at epoch 10 (kafka.coordinator.transaction.TransactionStateManager)
[2024-07-10 01:01:37,036] INFO [Transaction State Manager 1]: Finished loading 0 transaction metadata from __transaction_state-32 in 34 milliseconds, of which 34 milliseconds was spent in the scheduler. (kafka.coordinator.transaction.TransactionStateManager)
[2024-07-10 01:01:37,036] INFO [Transaction State Manager 1]: Completed loading transaction metadata from __transaction_state-32 for coordinator epoch 10 (kafka.coordinator.transaction.TransactionStateManager)
[2024-07-10 01:01:37,036] INFO [Transaction State Manager 1]: Loading transaction metadata from __transaction_state-20 at epoch 10 (kafka.coordinator.transaction.TransactionStateManager)
[2024-07-10 01:01:37,036] INFO [Transaction State Manager 1]: Finished loading 0 transaction metadata from __transaction_state-20 in 34 milliseconds, of which 34 milliseconds was spent in the scheduler. (kafka.coordinator.transaction.TransactionStateManager)
[2024-07-10 01:01:37,036] INFO [Transaction State Manager 1]: Completed loading transaction metadata from __transaction_state-20 for coordinator epoch 10 (kafka.coordinator.transaction.TransactionStateManager)
[2024-07-10 01:01:37,036] INFO [Transaction State Manager 1]: Loading transaction metadata from __transaction_state-24 at epoch 10 (kafka.coordinator.transaction.TransactionStateManager)
[2024-07-10 01:01:37,037] INFO [Transaction State Manager 1]: Finished loading 0 transaction metadata from __transaction_state-24 in 35 milliseconds, of which 34 milliseconds was spent in the scheduler. (kafka.coordinator.transaction.TransactionStateManager)
[2024-07-10 01:01:37,037] INFO [Transaction State Manager 1]: Completed loading transaction metadata from __transaction_state-24 for coordinator epoch 10 (kafka.coordinator.transaction.TransactionStateManager)
[2024-07-10 01:01:37,037] INFO [Transaction State Manager 1]: Loading transaction metadata from __transaction_state-10 at epoch 10 (kafka.coordinator.transaction.TransactionStateManager)
[2024-07-10 01:01:37,037] INFO [Transaction State Manager 1]: Finished loading 0 transaction metadata from __transaction_state-10 in 35 milliseconds, of which 35 milliseconds was spent in the scheduler. (kafka.coordinator.transaction.TransactionStateManager)
[2024-07-10 01:01:37,037] INFO Loaded member MemberMetadata(memberId=console-consumer-ea1e2070-7681-47a6-98ed-b1c629f56e80, groupInstanceId=None, clientId=console-consumer, clientHost=/127.0.0.1, sessionTimeoutMs=45000, rebalanceTimeoutMs=300000, supportedProtocols=List(range)) in group console-consumer-83821 with generation 1. (kafka.coordinator.group.GroupMetadata$)
[2024-07-10 01:01:37,037] INFO [Transaction State Manager 1]: Completed loading transaction metadata from __transaction_state-10 for coordinator epoch 10 (kafka.coordinator.transaction.TransactionStateManager)
[2024-07-10 01:01:37,037] INFO [Transaction State Manager 1]: Loading transaction metadata from __transaction_state-43 at epoch 10 (kafka.coordinator.transaction.TransactionStateManager)
[2024-07-10 01:01:37,037] INFO [Transaction State Manager 1]: Finished loading 0 transaction metadata from __transaction_state-43 in 34 milliseconds, of which 34 milliseconds was spent in the scheduler. (kafka.coordinator.transaction.TransactionStateManager)
[2024-07-10 01:01:37,037] INFO [Transaction State Manager 1]: Completed loading transaction metadata from __transaction_state-43 for coordinator epoch 10 (kafka.coordinator.transaction.TransactionStateManager)
[2024-07-10 01:01:37,037] INFO [GroupMetadataManager brokerId=1] Finished loading offsets and group metadata from __consumer_offsets-33 in 47 milliseconds for epoch 10, of which 44 milliseconds was spent in the scheduler. (kafka.coordinator.group.GroupMetadataManager)
[2024-07-10 01:01:37,037] INFO [Transaction State Manager 1]: Loading transaction metadata from __transaction_state-14 at epoch 10 (kafka.coordinator.transaction.TransactionStateManager)
[2024-07-10 01:01:37,037] INFO [Transaction State Manager 1]: Finished loading 0 transaction metadata from __transaction_state-14 in 34 milliseconds, of which 34 milliseconds was spent in the scheduler. (kafka.coordinator.transaction.TransactionStateManager)
[2024-07-10 01:01:37,037] INFO [GroupMetadataManager brokerId=1] Finished loading offsets and group metadata from __consumer_offsets-15 in 47 milliseconds for epoch 10, of which 47 milliseconds was spent in the scheduler. (kafka.coordinator.group.GroupMetadataManager)
[2024-07-10 01:01:37,037] INFO [Transaction State Manager 1]: Completed loading transaction metadata from __transaction_state-14 for coordinator epoch 10 (kafka.coordinator.transaction.TransactionStateManager)
[2024-07-10 01:01:37,038] INFO [Transaction State Manager 1]: Loading transaction metadata from __transaction_state-47 at epoch 10 (kafka.coordinator.transaction.TransactionStateManager)
[2024-07-10 01:01:37,038] INFO [GroupMetadataManager brokerId=1] Finished loading offsets and group metadata from __consumer_offsets-48 in 48 milliseconds for epoch 10, of which 48 milliseconds was spent in the scheduler. (kafka.coordinator.group.GroupMetadataManager)
[2024-07-10 01:01:37,038] INFO [Transaction State Manager 1]: Finished loading 0 transaction metadata from __transaction_state-47 in 35 milliseconds, of which 35 milliseconds was spent in the scheduler. (kafka.coordinator.transaction.TransactionStateManager)
[2024-07-10 01:01:37,038] INFO [Transaction State Manager 1]: Completed loading transaction metadata from __transaction_state-47 for coordinator epoch 10 (kafka.coordinator.transaction.TransactionStateManager)
[2024-07-10 01:01:37,038] INFO [Transaction State Manager 1]: Loading transaction metadata from __transaction_state-2 at epoch 10 (kafka.coordinator.transaction.TransactionStateManager)
[2024-07-10 01:01:37,041] INFO Loaded member MemberMetadata(memberId=console-consumer-d98b4d50-251f-4d5c-a887-7a621f759f80, groupInstanceId=None, clientId=console-consumer, clientHost=/127.0.0.1, sessionTimeoutMs=45000, rebalanceTimeoutMs=300000, supportedProtocols=List(range)) in group console-consumer-86790 with generation 1. (kafka.coordinator.group.GroupMetadata$)
[2024-07-10 01:01:37,041] INFO [Transaction State Manager 1]: Finished loading 1 transaction metadata from __transaction_state-2 in 38 milliseconds, of which 35 milliseconds was spent in the scheduler. (kafka.coordinator.transaction.TransactionStateManager)
[2024-07-10 01:01:37,041] INFO [Transaction State Manager 1]: Completed loading transaction metadata from __transaction_state-2 for coordinator epoch 10 (kafka.coordinator.transaction.TransactionStateManager)
[2024-07-10 01:01:37,041] INFO [Transaction State Manager 1]: Loading transaction metadata from __transaction_state-35 at epoch 10 (kafka.coordinator.transaction.TransactionStateManager)
[2024-07-10 01:01:37,041] INFO [Transaction State Manager 1]: Finished loading 0 transaction metadata from __transaction_state-35 in 38 milliseconds, of which 38 milliseconds was spent in the scheduler. (kafka.coordinator.transaction.TransactionStateManager)
[2024-07-10 01:01:37,041] INFO [GroupMetadataManager brokerId=1] Finished loading offsets and group metadata from __consumer_offsets-11 in 51 milliseconds for epoch 10, of which 48 milliseconds was spent in the scheduler. (kafka.coordinator.group.GroupMetadataManager)
[2024-07-10 01:01:37,041] INFO [Transaction State Manager 1]: Completed loading transaction metadata from __transaction_state-35 for coordinator epoch 10 (kafka.coordinator.transaction.TransactionStateManager)
[2024-07-10 01:01:37,042] INFO [Transaction State Manager 1]: Loading transaction metadata from __transaction_state-6 at epoch 10 (kafka.coordinator.transaction.TransactionStateManager)
[2024-07-10 01:01:37,042] INFO [GroupMetadataManager brokerId=1] Finished loading offsets and group metadata from __consumer_offsets-44 in 51 milliseconds for epoch 10, of which 50 milliseconds was spent in the scheduler. (kafka.coordinator.group.GroupMetadataManager)
[2024-07-10 01:01:37,042] INFO [Transaction State Manager 1]: Finished loading 0 transaction metadata from __transaction_state-6 in 39 milliseconds, of which 39 milliseconds was spent in the scheduler. (kafka.coordinator.transaction.TransactionStateManager)
[2024-07-10 01:01:37,042] INFO [GroupMetadataManager brokerId=1] Finished loading offsets and group metadata from __consumer_offsets-23 in 51 milliseconds for epoch 10, of which 51 milliseconds was spent in the scheduler. (kafka.coordinator.group.GroupMetadataManager)
[2024-07-10 01:01:37,042] INFO [Transaction State Manager 1]: Completed loading transaction metadata from __transaction_state-6 for coordinator epoch 10 (kafka.coordinator.transaction.TransactionStateManager)
[2024-07-10 01:01:37,042] INFO [GroupMetadataManager brokerId=1] Finished loading offsets and group metadata from __consumer_offsets-19 in 51 milliseconds for epoch 10, of which 51 milliseconds was spent in the scheduler. (kafka.coordinator.group.GroupMetadataManager)
[2024-07-10 01:01:37,042] INFO [Transaction State Manager 1]: Loading transaction metadata from __transaction_state-39 at epoch 10 (kafka.coordinator.transaction.TransactionStateManager)
[2024-07-10 01:01:37,042] INFO [GroupMetadataManager brokerId=1] Finished loading offsets and group metadata from __consumer_offsets-32 in 51 milliseconds for epoch 10, of which 51 milliseconds was spent in the scheduler. (kafka.coordinator.group.GroupMetadataManager)
[2024-07-10 01:01:37,042] INFO [Transaction State Manager 1]: Finished loading 0 transaction metadata from __transaction_state-39 in 39 milliseconds, of which 39 milliseconds was spent in the scheduler. (kafka.coordinator.transaction.TransactionStateManager)
[2024-07-10 01:01:37,042] INFO [Transaction State Manager 1]: Completed loading transaction metadata from __transaction_state-39 for coordinator epoch 10 (kafka.coordinator.transaction.TransactionStateManager)
[2024-07-10 01:01:37,042] INFO [Transaction State Manager 1]: Loading transaction metadata from __transaction_state-27 at epoch 10 (kafka.coordinator.transaction.TransactionStateManager)
[2024-07-10 01:01:37,042] INFO [Transaction State Manager 1]: Finished loading 0 transaction metadata from __transaction_state-27 in 39 milliseconds, of which 39 milliseconds was spent in the scheduler. (kafka.coordinator.transaction.TransactionStateManager)
[2024-07-10 01:01:37,042] INFO [Transaction State Manager 1]: Completed loading transaction metadata from __transaction_state-27 for coordinator epoch 10 (kafka.coordinator.transaction.TransactionStateManager)
[2024-07-10 01:01:37,042] INFO [Transaction State Manager 1]: Loading transaction metadata from __transaction_state-31 at epoch 10 (kafka.coordinator.transaction.TransactionStateManager)
[2024-07-10 01:01:37,042] INFO [Transaction State Manager 1]: Finished loading 0 transaction metadata from __transaction_state-31 in 39 milliseconds, of which 39 milliseconds was spent in the scheduler. (kafka.coordinator.transaction.TransactionStateManager)
[2024-07-10 01:01:37,043] INFO [Transaction State Manager 1]: Completed loading transaction metadata from __transaction_state-31 for coordinator epoch 10 (kafka.coordinator.transaction.TransactionStateManager)
[2024-07-10 01:01:37,043] INFO [Transaction State Manager 1]: Loading transaction metadata from __transaction_state-19 at epoch 10 (kafka.coordinator.transaction.TransactionStateManager)
[2024-07-10 01:01:37,043] INFO [Transaction State Manager 1]: Finished loading 0 transaction metadata from __transaction_state-19 in 40 milliseconds, of which 40 milliseconds was spent in the scheduler. (kafka.coordinator.transaction.TransactionStateManager)
[2024-07-10 01:01:37,043] INFO [Transaction State Manager 1]: Completed loading transaction metadata from __transaction_state-19 for coordinator epoch 10 (kafka.coordinator.transaction.TransactionStateManager)
[2024-07-10 01:01:37,043] INFO [Transaction State Manager 1]: Loading transaction metadata from __transaction_state-23 at epoch 10 (kafka.coordinator.transaction.TransactionStateManager)
[2024-07-10 01:01:37,043] INFO [Transaction State Manager 1]: Finished loading 0 transaction metadata from __transaction_state-23 in 39 milliseconds, of which 39 milliseconds was spent in the scheduler. (kafka.coordinator.transaction.TransactionStateManager)
[2024-07-10 01:01:37,043] INFO [Transaction State Manager 1]: Completed loading transaction metadata from __transaction_state-23 for coordinator epoch 10 (kafka.coordinator.transaction.TransactionStateManager)
[2024-07-10 01:01:37,044] INFO Loaded member MemberMetadata(memberId=console-consumer-f4eadac2-48c6-46e4-8f8c-e778e986538d, groupInstanceId=None, clientId=console-consumer, clientHost=/127.0.0.1, sessionTimeoutMs=45000, rebalanceTimeoutMs=300000, supportedProtocols=List(range)) in group console-consumer-79768 with generation 1. (kafka.coordinator.group.GroupMetadata$)
[2024-07-10 01:01:37,045] INFO [GroupMetadataManager brokerId=1] Finished loading offsets and group metadata from __consumer_offsets-28 in 54 milliseconds for epoch 10, of which 51 milliseconds was spent in the scheduler. (kafka.coordinator.group.GroupMetadataManager)
[2024-07-10 01:01:37,047] INFO Loaded member MemberMetadata(memberId=consumer-nifi-consumer-group-1-19d7a055-7eb5-4536-9720-a29055873696, groupInstanceId=None, clientId=consumer-nifi-consumer-group-1, clientHost=/127.0.0.1, sessionTimeoutMs=10000, rebalanceTimeoutMs=300000, supportedProtocols=List(range)) in group nifi-consumer-group with generation 1. (kafka.coordinator.group.GroupMetadata$)
[2024-07-10 01:01:37,047] INFO Loaded member MemberMetadata(memberId=consumer-nifi-consumer-group-2-920c80c7-70cd-49a4-a0b3-a8e55eb7207d, groupInstanceId=None, clientId=consumer-nifi-consumer-group-2, clientHost=/127.0.0.1, sessionTimeoutMs=10000, rebalanceTimeoutMs=300000, supportedProtocols=List(range)) in group nifi-consumer-group with generation 3. (kafka.coordinator.group.GroupMetadata$)
[2024-07-10 01:01:37,047] INFO Loaded member MemberMetadata(memberId=consumer-nifi-consumer-group-3-3b3ecad6-b5ec-4611-86f7-5b23a1d2ad2e, groupInstanceId=None, clientId=consumer-nifi-consumer-group-3, clientHost=/127.0.0.1, sessionTimeoutMs=10000, rebalanceTimeoutMs=300000, supportedProtocols=List(range)) in group nifi-consumer-group with generation 5. (kafka.coordinator.group.GroupMetadata$)
[2024-07-10 01:01:37,048] INFO Loaded member MemberMetadata(memberId=consumer-nifi-consumer-group-4-61f09e73-1727-46da-91f8-7c13f0c467d2, groupInstanceId=None, clientId=consumer-nifi-consumer-group-4, clientHost=/127.0.0.1, sessionTimeoutMs=10000, rebalanceTimeoutMs=300000, supportedProtocols=List(range)) in group nifi-consumer-group with generation 7. (kafka.coordinator.group.GroupMetadata$)
[2024-07-10 01:01:37,048] INFO [GroupCoordinator 1]: Loading group metadata for nifi-consumer-group with generation 8 (kafka.coordinator.group.GroupCoordinator)
[2024-07-10 01:01:37,048] INFO [GroupMetadataManager brokerId=1] Finished loading offsets and group metadata from __consumer_offsets-7 in 56 milliseconds for epoch 10, of which 53 milliseconds was spent in the scheduler. (kafka.coordinator.group.GroupMetadataManager)
[2024-07-10 01:01:37,048] INFO [GroupMetadataManager brokerId=1] Finished loading offsets and group metadata from __consumer_offsets-40 in 56 milliseconds for epoch 10, of which 56 milliseconds was spent in the scheduler. (kafka.coordinator.group.GroupMetadataManager)
[2024-07-10 01:01:37,048] INFO [GroupMetadataManager brokerId=1] Finished loading offsets and group metadata from __consumer_offsets-3 in 56 milliseconds for epoch 10, of which 56 milliseconds was spent in the scheduler. (kafka.coordinator.group.GroupMetadataManager)
[2024-07-10 01:01:37,048] INFO [GroupMetadataManager brokerId=1] Finished loading offsets and group metadata from __consumer_offsets-36 in 56 milliseconds for epoch 10, of which 56 milliseconds was spent in the scheduler. (kafka.coordinator.group.GroupMetadataManager)
[2024-07-10 01:01:37,048] INFO [GroupMetadataManager brokerId=1] Finished loading offsets and group metadata from __consumer_offsets-47 in 56 milliseconds for epoch 10, of which 56 milliseconds was spent in the scheduler. (kafka.coordinator.group.GroupMetadataManager)
[2024-07-10 01:01:37,049] INFO [GroupMetadataManager brokerId=1] Finished loading offsets and group metadata from __consumer_offsets-14 in 57 milliseconds for epoch 10, of which 57 milliseconds was spent in the scheduler. (kafka.coordinator.group.GroupMetadataManager)
[2024-07-10 01:01:37,049] INFO [GroupMetadataManager brokerId=1] Finished loading offsets and group metadata from __consumer_offsets-43 in 56 milliseconds for epoch 10, of which 56 milliseconds was spent in the scheduler. (kafka.coordinator.group.GroupMetadataManager)
[2024-07-10 01:01:37,049] INFO [GroupMetadataManager brokerId=1] Finished loading offsets and group metadata from __consumer_offsets-10 in 56 milliseconds for epoch 10, of which 56 milliseconds was spent in the scheduler. (kafka.coordinator.group.GroupMetadataManager)
[2024-07-10 01:01:37,049] INFO [GroupMetadataManager brokerId=1] Finished loading offsets and group metadata from __consumer_offsets-22 in 56 milliseconds for epoch 10, of which 56 milliseconds was spent in the scheduler. (kafka.coordinator.group.GroupMetadataManager)
[2024-07-10 01:01:37,049] INFO [GroupMetadataManager brokerId=1] Finished loading offsets and group metadata from __consumer_offsets-18 in 56 milliseconds for epoch 10, of which 56 milliseconds was spent in the scheduler. (kafka.coordinator.group.GroupMetadataManager)
[2024-07-10 01:01:37,051] INFO Loaded member MemberMetadata(memberId=console-consumer-ce3b62f3-6ff8-4f04-89b1-6df7d45de8ee, groupInstanceId=None, clientId=console-consumer, clientHost=/127.0.0.1, sessionTimeoutMs=45000, rebalanceTimeoutMs=300000, supportedProtocols=List(range)) in group console-consumer-94430 with generation 1. (kafka.coordinator.group.GroupMetadata$)
[2024-07-10 01:01:37,051] INFO [GroupCoordinator 1]: Loading group metadata for console-consumer-94430 with generation 1 (kafka.coordinator.group.GroupCoordinator)
[2024-07-10 01:01:37,052] INFO [GroupMetadataManager brokerId=1] Finished loading offsets and group metadata from __consumer_offsets-31 in 59 milliseconds for epoch 10, of which 56 milliseconds was spent in the scheduler. (kafka.coordinator.group.GroupMetadataManager)
[2024-07-10 01:01:37,052] INFO [GroupMetadataManager brokerId=1] Finished loading offsets and group metadata from __consumer_offsets-27 in 59 milliseconds for epoch 10, of which 59 milliseconds was spent in the scheduler. (kafka.coordinator.group.GroupMetadataManager)
[2024-07-10 01:01:37,052] INFO [GroupMetadataManager brokerId=1] Finished loading offsets and group metadata from __consumer_offsets-39 in 59 milliseconds for epoch 10, of which 59 milliseconds was spent in the scheduler. (kafka.coordinator.group.GroupMetadataManager)
[2024-07-10 01:01:37,052] INFO [GroupMetadataManager brokerId=1] Finished loading offsets and group metadata from __consumer_offsets-6 in 59 milliseconds for epoch 10, of which 59 milliseconds was spent in the scheduler. (kafka.coordinator.group.GroupMetadataManager)
[2024-07-10 01:01:37,052] INFO [GroupMetadataManager brokerId=1] Finished loading offsets and group metadata from __consumer_offsets-35 in 58 milliseconds for epoch 10, of which 58 milliseconds was spent in the scheduler. (kafka.coordinator.group.GroupMetadataManager)
[2024-07-10 01:01:37,052] INFO [GroupMetadataManager brokerId=1] Finished loading offsets and group metadata from __consumer_offsets-2 in 58 milliseconds for epoch 10, of which 58 milliseconds was spent in the scheduler. (kafka.coordinator.group.GroupMetadataManager)
[2024-07-10 01:01:38,326] INFO [BrokerLifecycleManager id=1] Unable to register broker 1 because the controller returned error DUPLICATE_BROKER_REGISTRATION (kafka.server.BrokerLifecycleManager)
[2024-07-10 01:01:41,561] INFO [BrokerLifecycleManager id=1] Unable to register broker 1 because the controller returned error DUPLICATE_BROKER_REGISTRATION (kafka.server.BrokerLifecycleManager)
[2024-07-10 01:01:48,108] INFO [BrokerLifecycleManager id=1] Successfully registered broker 1 with broker epoch 32816 (kafka.server.BrokerLifecycleManager)
[2024-07-10 01:01:48,115] INFO [BrokerLifecycleManager id=1] The broker has caught up. Transitioning from STARTING to RECOVERY. (kafka.server.BrokerLifecycleManager)
[2024-07-10 01:01:48,116] INFO [BrokerServer id=1] Finished waiting for the controller to acknowledge that we are caught up (kafka.server.BrokerServer)
[2024-07-10 01:01:48,116] INFO [BrokerServer id=1] Waiting for the initial broker metadata update to be published (kafka.server.BrokerServer)
[2024-07-10 01:01:48,116] INFO [BrokerServer id=1] Finished waiting for the initial broker metadata update to be published (kafka.server.BrokerServer)
[2024-07-10 01:01:48,117] INFO KafkaConfig values: 
	advertised.listeners = PLAINTEXT://localhost:9092
	alter.config.policy.class.name = null
	alter.log.dirs.replication.quota.window.num = 11
	alter.log.dirs.replication.quota.window.size.seconds = 1
	authorizer.class.name = 
	auto.create.topics.enable = true
	auto.include.jmx.reporter = true
	auto.leader.rebalance.enable = true
	background.threads = 10
	broker.heartbeat.interval.ms = 2000
	broker.id = 1
	broker.id.generation.enable = true
	broker.rack = null
	broker.session.timeout.ms = 9000
	client.quota.callback.class = null
	compression.type = producer
	connection.failed.authentication.delay.ms = 100
	connections.max.idle.ms = 600000
	connections.max.reauth.ms = 0
	control.plane.listener.name = null
	controlled.shutdown.enable = true
	controlled.shutdown.max.retries = 3
	controlled.shutdown.retry.backoff.ms = 5000
	controller.listener.names = CONTROLLER
	controller.quorum.append.linger.ms = 25
	controller.quorum.election.backoff.max.ms = 1000
	controller.quorum.election.timeout.ms = 1000
	controller.quorum.fetch.timeout.ms = 2000
	controller.quorum.request.timeout.ms = 2000
	controller.quorum.retry.backoff.ms = 20
	controller.quorum.voters = [1@localhost:9093]
	controller.quota.window.num = 11
	controller.quota.window.size.seconds = 1
	controller.socket.timeout.ms = 30000
	create.topic.policy.class.name = null
	default.replication.factor = 1
	delegation.token.expiry.check.interval.ms = 3600000
	delegation.token.expiry.time.ms = 86400000
	delegation.token.master.key = null
	delegation.token.max.lifetime.ms = 604800000
	delegation.token.secret.key = null
	delete.records.purgatory.purge.interval.requests = 1
	delete.topic.enable = true
	early.start.listeners = null
	eligible.leader.replicas.enable = false
	fetch.max.bytes = 57671680
	fetch.purgatory.purge.interval.requests = 1000
	group.consumer.assignors = [org.apache.kafka.coordinator.group.assignor.UniformAssignor, org.apache.kafka.coordinator.group.assignor.RangeAssignor]
	group.consumer.heartbeat.interval.ms = 5000
	group.consumer.max.heartbeat.interval.ms = 15000
	group.consumer.max.session.timeout.ms = 60000
	group.consumer.max.size = 2147483647
	group.consumer.min.heartbeat.interval.ms = 5000
	group.consumer.min.session.timeout.ms = 45000
	group.consumer.session.timeout.ms = 45000
	group.coordinator.new.enable = false
	group.coordinator.rebalance.protocols = [classic]
	group.coordinator.threads = 1
	group.initial.rebalance.delay.ms = 3000
	group.max.session.timeout.ms = 1800000
	group.max.size = 2147483647
	group.min.session.timeout.ms = 6000
	initial.broker.registration.timeout.ms = 60000
	inter.broker.listener.name = PLAINTEXT
	inter.broker.protocol.version = 3.7-IV4
	kafka.metrics.polling.interval.secs = 10
	kafka.metrics.reporters = []
	leader.imbalance.check.interval.seconds = 300
	leader.imbalance.per.broker.percentage = 10
	listener.security.protocol.map = CONTROLLER:PLAINTEXT,PLAINTEXT:PLAINTEXT,SSL:SSL,SASL_PLAINTEXT:SASL_PLAINTEXT,SASL_SSL:SASL_SSL
	listeners = PLAINTEXT://:9092,CONTROLLER://:9093
	log.cleaner.backoff.ms = 15000
	log.cleaner.dedupe.buffer.size = 134217728
	log.cleaner.delete.retention.ms = 86400000
	log.cleaner.enable = true
	log.cleaner.io.buffer.load.factor = 0.9
	log.cleaner.io.buffer.size = 524288
	log.cleaner.io.max.bytes.per.second = 1.7976931348623157E308
	log.cleaner.max.compaction.lag.ms = 9223372036854775807
	log.cleaner.min.cleanable.ratio = 0.5
	log.cleaner.min.compaction.lag.ms = 0
	log.cleaner.threads = 1
	log.cleanup.policy = [delete]
	log.dir = /tmp/kafka-logs
	log.dirs = /tmp/kraft-combined-logs
	log.flush.interval.messages = 9223372036854775807
	log.flush.interval.ms = null
	log.flush.offset.checkpoint.interval.ms = 60000
	log.flush.scheduler.interval.ms = 9223372036854775807
	log.flush.start.offset.checkpoint.interval.ms = 60000
	log.index.interval.bytes = 4096
	log.index.size.max.bytes = 10485760
	log.local.retention.bytes = -2
	log.local.retention.ms = -2
	log.message.downconversion.enable = true
	log.message.format.version = 3.0-IV1
	log.message.timestamp.after.max.ms = 9223372036854775807
	log.message.timestamp.before.max.ms = 9223372036854775807
	log.message.timestamp.difference.max.ms = 9223372036854775807
	log.message.timestamp.type = CreateTime
	log.preallocate = false
	log.retention.bytes = -1
	log.retention.check.interval.ms = 300000
	log.retention.hours = 168
	log.retention.minutes = null
	log.retention.ms = null
	log.roll.hours = 168
	log.roll.jitter.hours = 0
	log.roll.jitter.ms = null
	log.roll.ms = null
	log.segment.bytes = 1073741824
	log.segment.delete.delay.ms = 60000
	max.connection.creation.rate = 2147483647
	max.connections = 2147483647
	max.connections.per.ip = 2147483647
	max.connections.per.ip.overrides = 
	max.incremental.fetch.session.cache.slots = 1000
	message.max.bytes = 1048588
	metadata.log.dir = null
	metadata.log.max.record.bytes.between.snapshots = 20971520
	metadata.log.max.snapshot.interval.ms = 3600000
	metadata.log.segment.bytes = 1073741824
	metadata.log.segment.min.bytes = 8388608
	metadata.log.segment.ms = 604800000
	metadata.max.idle.interval.ms = 500
	metadata.max.retention.bytes = 104857600
	metadata.max.retention.ms = 604800000
	metric.reporters = []
	metrics.num.samples = 2
	metrics.recording.level = INFO
	metrics.sample.window.ms = 30000
	min.insync.replicas = 1
	node.id = 1
	num.io.threads = 8
	num.network.threads = 3
	num.partitions = 1
	num.recovery.threads.per.data.dir = 1
	num.replica.alter.log.dirs.threads = null
	num.replica.fetchers = 1
	offset.metadata.max.bytes = 4096
	offsets.commit.required.acks = -1
	offsets.commit.timeout.ms = 5000
	offsets.load.buffer.size = 5242880
	offsets.retention.check.interval.ms = 600000
	offsets.retention.minutes = 10080
	offsets.topic.compression.codec = 0
	offsets.topic.num.partitions = 50
	offsets.topic.replication.factor = 1
	offsets.topic.segment.bytes = 104857600
	password.encoder.cipher.algorithm = AES/CBC/PKCS5Padding
	password.encoder.iterations = 4096
	password.encoder.key.length = 128
	password.encoder.keyfactory.algorithm = null
	password.encoder.old.secret = null
	password.encoder.secret = null
	principal.builder.class = class org.apache.kafka.common.security.authenticator.DefaultKafkaPrincipalBuilder
	process.roles = [broker, controller]
	producer.id.expiration.check.interval.ms = 600000
	producer.id.expiration.ms = 86400000
	producer.purgatory.purge.interval.requests = 1000
	queued.max.request.bytes = -1
	queued.max.requests = 500
	quota.window.num = 11
	quota.window.size.seconds = 1
	remote.log.index.file.cache.total.size.bytes = 1073741824
	remote.log.manager.task.interval.ms = 30000
	remote.log.manager.task.retry.backoff.max.ms = 30000
	remote.log.manager.task.retry.backoff.ms = 500
	remote.log.manager.task.retry.jitter = 0.2
	remote.log.manager.thread.pool.size = 10
	remote.log.metadata.custom.metadata.max.bytes = 128
	remote.log.metadata.manager.class.name = org.apache.kafka.server.log.remote.metadata.storage.TopicBasedRemoteLogMetadataManager
	remote.log.metadata.manager.class.path = null
	remote.log.metadata.manager.impl.prefix = rlmm.config.
	remote.log.metadata.manager.listener.name = null
	remote.log.reader.max.pending.tasks = 100
	remote.log.reader.threads = 10
	remote.log.storage.manager.class.name = null
	remote.log.storage.manager.class.path = null
	remote.log.storage.manager.impl.prefix = rsm.config.
	remote.log.storage.system.enable = false
	replica.fetch.backoff.ms = 1000
	replica.fetch.max.bytes = 1048576
	replica.fetch.min.bytes = 1
	replica.fetch.response.max.bytes = 10485760
	replica.fetch.wait.max.ms = 500
	replica.high.watermark.checkpoint.interval.ms = 5000
	replica.lag.time.max.ms = 30000
	replica.selector.class = null
	replica.socket.receive.buffer.bytes = 65536
	replica.socket.timeout.ms = 30000
	replication.quota.window.num = 11
	replication.quota.window.size.seconds = 1
	request.timeout.ms = 30000
	reserved.broker.max.id = 1000
	sasl.client.callback.handler.class = null
	sasl.enabled.mechanisms = [GSSAPI]
	sasl.jaas.config = null
	sasl.kerberos.kinit.cmd = /usr/bin/kinit
	sasl.kerberos.min.time.before.relogin = 60000
	sasl.kerberos.principal.to.local.rules = [DEFAULT]
	sasl.kerberos.service.name = null
	sasl.kerberos.ticket.renew.jitter = 0.05
	sasl.kerberos.ticket.renew.window.factor = 0.8
	sasl.login.callback.handler.class = null
	sasl.login.class = null
	sasl.login.connect.timeout.ms = null
	sasl.login.read.timeout.ms = null
	sasl.login.refresh.buffer.seconds = 300
	sasl.login.refresh.min.period.seconds = 60
	sasl.login.refresh.window.factor = 0.8
	sasl.login.refresh.window.jitter = 0.05
	sasl.login.retry.backoff.max.ms = 10000
	sasl.login.retry.backoff.ms = 100
	sasl.mechanism.controller.protocol = GSSAPI
	sasl.mechanism.inter.broker.protocol = GSSAPI
	sasl.oauthbearer.clock.skew.seconds = 30
	sasl.oauthbearer.expected.audience = null
	sasl.oauthbearer.expected.issuer = null
	sasl.oauthbearer.jwks.endpoint.refresh.ms = 3600000
	sasl.oauthbearer.jwks.endpoint.retry.backoff.max.ms = 10000
	sasl.oauthbearer.jwks.endpoint.retry.backoff.ms = 100
	sasl.oauthbearer.jwks.endpoint.url = null
	sasl.oauthbearer.scope.claim.name = scope
	sasl.oauthbearer.sub.claim.name = sub
	sasl.oauthbearer.token.endpoint.url = null
	sasl.server.callback.handler.class = null
	sasl.server.max.receive.size = 524288
	security.inter.broker.protocol = PLAINTEXT
	security.providers = null
	server.max.startup.time.ms = 9223372036854775807
	socket.connection.setup.timeout.max.ms = 30000
	socket.connection.setup.timeout.ms = 10000
	socket.listen.backlog.size = 50
	socket.receive.buffer.bytes = 102400
	socket.request.max.bytes = 104857600
	socket.send.buffer.bytes = 102400
	ssl.allow.dn.changes = false
	ssl.allow.san.changes = false
	ssl.cipher.suites = []
	ssl.client.auth = none
	ssl.enabled.protocols = [TLSv1.2, TLSv1.3]
	ssl.endpoint.identification.algorithm = https
	ssl.engine.factory.class = null
	ssl.key.password = null
	ssl.keymanager.algorithm = SunX509
	ssl.keystore.certificate.chain = null
	ssl.keystore.key = null
	ssl.keystore.location = null
	ssl.keystore.password = null
	ssl.keystore.type = JKS
	ssl.principal.mapping.rules = DEFAULT
	ssl.protocol = TLSv1.3
	ssl.provider = null
	ssl.secure.random.implementation = null
	ssl.trustmanager.algorithm = PKIX
	ssl.truststore.certificates = null
	ssl.truststore.location = null
	ssl.truststore.password = null
	ssl.truststore.type = JKS
	telemetry.max.bytes = 1048576
	transaction.abort.timed.out.transaction.cleanup.interval.ms = 10000
	transaction.max.timeout.ms = 900000
	transaction.partition.verification.enable = true
	transaction.remove.expired.transaction.cleanup.interval.ms = 3600000
	transaction.state.log.load.buffer.size = 5242880
	transaction.state.log.min.isr = 1
	transaction.state.log.num.partitions = 50
	transaction.state.log.replication.factor = 1
	transaction.state.log.segment.bytes = 104857600
	transactional.id.expiration.ms = 604800000
	unclean.leader.election.enable = false
	unstable.api.versions.enable = false
	unstable.metadata.versions.enable = false
	zookeeper.clientCnxnSocket = null
	zookeeper.connect = null
	zookeeper.connection.timeout.ms = null
	zookeeper.max.in.flight.requests = 10
	zookeeper.metadata.migration.enable = false
	zookeeper.metadata.migration.min.batch.size = 200
	zookeeper.session.timeout.ms = 18000
	zookeeper.set.acl = false
	zookeeper.ssl.cipher.suites = null
	zookeeper.ssl.client.enable = false
	zookeeper.ssl.crl.enable = false
	zookeeper.ssl.enabled.protocols = null
	zookeeper.ssl.endpoint.identification.algorithm = HTTPS
	zookeeper.ssl.keystore.location = null
	zookeeper.ssl.keystore.password = null
	zookeeper.ssl.keystore.type = null
	zookeeper.ssl.ocsp.enable = false
	zookeeper.ssl.protocol = TLSv1.2
	zookeeper.ssl.truststore.location = null
	zookeeper.ssl.truststore.password = null
	zookeeper.ssl.truststore.type = null
 (kafka.server.KafkaConfig)
[2024-07-10 01:01:48,125] INFO [BrokerServer id=1] Waiting for the broker to be unfenced (kafka.server.BrokerServer)
[2024-07-10 01:01:48,168] INFO [BrokerLifecycleManager id=1] The broker has been unfenced. Transitioning from RECOVERY to RUNNING. (kafka.server.BrokerLifecycleManager)
[2024-07-10 01:01:48,168] INFO [BrokerServer id=1] Finished waiting for the broker to be unfenced (kafka.server.BrokerServer)
[2024-07-10 01:01:48,168] INFO authorizerStart completed for endpoint PLAINTEXT. Endpoint is now READY. (org.apache.kafka.server.network.EndpointReadyFutures)
[2024-07-10 01:01:48,169] INFO [SocketServer listenerType=BROKER, nodeId=1] Enabling request processing. (kafka.network.SocketServer)
[2024-07-10 01:01:48,169] INFO Awaiting socket connections on 0.0.0.0:9092. (kafka.network.DataPlaneAcceptor)
[2024-07-10 01:01:48,171] INFO [BrokerServer id=1] Waiting for all of the authorizer futures to be completed (kafka.server.BrokerServer)
[2024-07-10 01:01:48,171] INFO [BrokerServer id=1] Finished waiting for all of the authorizer futures to be completed (kafka.server.BrokerServer)
[2024-07-10 01:01:48,171] INFO [BrokerServer id=1] Waiting for all of the SocketServer Acceptors to be started (kafka.server.BrokerServer)
[2024-07-10 01:01:48,171] INFO [BrokerServer id=1] Finished waiting for all of the SocketServer Acceptors to be started (kafka.server.BrokerServer)
[2024-07-10 01:01:48,171] INFO [BrokerServer id=1] Transition from STARTING to STARTED (kafka.server.BrokerServer)
[2024-07-10 01:01:48,171] INFO Kafka version: 3.7.0 (org.apache.kafka.common.utils.AppInfoParser)
[2024-07-10 01:01:48,173] INFO Kafka commitId: 2ae524ed625438c5 (org.apache.kafka.common.utils.AppInfoParser)
[2024-07-10 01:01:48,173] INFO Kafka startTimeMs: 1720544508171 (org.apache.kafka.common.utils.AppInfoParser)
[2024-07-10 01:01:48,174] INFO [KafkaRaftServer nodeId=1] Kafka Server started (kafka.server.KafkaRaftServer)
[2024-07-10 01:01:50,747] INFO [GroupCoordinator 1]: Dynamic member with unknown member id joins group console-consumer-99863 in Empty state. Created a new member id console-consumer-8dc62486-d723-4407-b5ca-9a8d622e6c70 and request the member to rejoin with this id. (kafka.coordinator.group.GroupCoordinator)
[2024-07-10 01:01:50,754] INFO [GroupCoordinator 1]: Preparing to rebalance group console-consumer-99863 in state PreparingRebalance with old generation 0 (__consumer_offsets-26) (reason: Adding new member console-consumer-8dc62486-d723-4407-b5ca-9a8d622e6c70 with group instance id None; client reason: need to re-join with the given member-id: console-consumer-8dc62486-d723-4407-b5ca-9a8d622e6c70) (kafka.coordinator.group.GroupCoordinator)
[2024-07-10 01:01:53,762] INFO [GroupCoordinator 1]: Stabilized group console-consumer-99863 generation 1 (__consumer_offsets-26) with 1 members (kafka.coordinator.group.GroupCoordinator)
[2024-07-10 01:01:53,778] INFO [GroupCoordinator 1]: Assignment received from leader console-consumer-8dc62486-d723-4407-b5ca-9a8d622e6c70 for group console-consumer-99863 for generation 1. The group has 1 members, 0 of which are static. (kafka.coordinator.group.GroupCoordinator)
[2024-07-10 01:02:22,032] INFO [GroupCoordinator 1]: Member console-consumer-88156f08-a1cf-4e8e-b716-d562ac4363cd in group console-consumer-18432 has failed, removing it from the group (kafka.coordinator.group.GroupCoordinator)
[2024-07-10 01:02:22,034] INFO [GroupCoordinator 1]: Preparing to rebalance group console-consumer-18432 in state PreparingRebalance with old generation 1 (__consumer_offsets-29) (reason: removing member console-consumer-88156f08-a1cf-4e8e-b716-d562ac4363cd on heartbeat expiration) (kafka.coordinator.group.GroupCoordinator)
[2024-07-10 01:02:22,035] INFO [GroupCoordinator 1]: Group console-consumer-18432 with generation 2 is now empty (__consumer_offsets-29) (kafka.coordinator.group.GroupCoordinator)
[2024-07-10 01:02:22,062] INFO [GroupCoordinator 1]: Member console-consumer-ce3b62f3-6ff8-4f04-89b1-6df7d45de8ee in group console-consumer-94430 has failed, removing it from the group (kafka.coordinator.group.GroupCoordinator)
[2024-07-10 01:02:22,062] INFO [GroupCoordinator 1]: Preparing to rebalance group console-consumer-94430 in state PreparingRebalance with old generation 1 (__consumer_offsets-31) (reason: removing member console-consumer-ce3b62f3-6ff8-4f04-89b1-6df7d45de8ee on heartbeat expiration) (kafka.coordinator.group.GroupCoordinator)
[2024-07-10 01:02:22,062] INFO [GroupCoordinator 1]: Group console-consumer-94430 with generation 2 is now empty (__consumer_offsets-31) (kafka.coordinator.group.GroupCoordinator)
[2024-07-10 01:02:35,263] INFO [UnifiedLog partition=__cluster_metadata-0, dir=C:\tmp\kraft-combined-logs] Incremented log start offset to 19183 due to snapshot generated (kafka.log.UnifiedLog)
[2024-07-10 01:02:35,265] INFO [UnifiedLog partition=__cluster_metadata-0, dir=C:\tmp\kraft-combined-logs] Deleting segments due to log start offset 19183 breach: LogSegment(baseOffset=0, size=862862, lastModifiedTime=1719935770509, largestRecordTimestamp=1719935770468) (kafka.log.UnifiedLog)
[2024-07-10 01:02:35,267] WARN Failed atomic move of C:\tmp\kraft-combined-logs\__cluster_metadata-0\00000000000000000000.index to C:\tmp\kraft-combined-logs\__cluster_metadata-0\00000000000000000000.index.deleted retrying with a non-atomic move (org.apache.kafka.common.utils.Utils)
java.nio.file.FileSystemException: C:\tmp\kraft-combined-logs\__cluster_metadata-0\00000000000000000000.index -> C:\tmp\kraft-combined-logs\__cluster_metadata-0\00000000000000000000.index.deleted: The process cannot access the file because it is being used by another process
	at java.base/sun.nio.fs.WindowsException.translateToIOException(WindowsException.java:92)
	at java.base/sun.nio.fs.WindowsException.rethrowAsIOException(WindowsException.java:103)
	at java.base/sun.nio.fs.WindowsFileCopy.move(WindowsFileCopy.java:328)
	at java.base/sun.nio.fs.WindowsFileSystemProvider.move(WindowsFileSystemProvider.java:291)
	at java.base/java.nio.file.Files.move(Files.java:1430)
	at org.apache.kafka.common.utils.Utils.atomicMoveWithFallback(Utils.java:980)
	at org.apache.kafka.storage.internals.log.AbstractIndex.renameTo(AbstractIndex.java:228)
	at org.apache.kafka.storage.internals.log.LazyIndex$IndexValue.renameTo(LazyIndex.java:122)
	at org.apache.kafka.storage.internals.log.LazyIndex.renameTo(LazyIndex.java:202)
	at org.apache.kafka.storage.internals.log.LogSegment.changeFileSuffixes(LogSegment.java:665)
	at kafka.log.LocalLog$.$anonfun$deleteSegmentFiles$1(LocalLog.scala:912)
	at kafka.log.LocalLog$.$anonfun$deleteSegmentFiles$1$adapted(LocalLog.scala:910)
	at scala.collection.immutable.List.foreach(List.scala:333)
	at kafka.log.LocalLog$.deleteSegmentFiles(LocalLog.scala:910)
	at kafka.log.LocalLog.removeAndDeleteSegments(LocalLog.scala:289)
	at kafka.log.UnifiedLog.$anonfun$deleteSegments$2(UnifiedLog.scala:1515)
	at kafka.log.UnifiedLog.deleteSegments(UnifiedLog.scala:1911)
	at kafka.log.UnifiedLog.deleteLogStartOffsetBreachedSegments(UnifiedLog.scala:1431)
	at kafka.log.UnifiedLog.deleteOldSegments(UnifiedLog.scala:1531)
	at kafka.raft.KafkaMetadataLog.deleteBeforeSnapshot(KafkaMetadataLog.scala:351)
	at kafka.raft.KafkaMetadataLog.$anonfun$cleanSnapshots$1(KafkaMetadataLog.scala:415)
	at scala.collection.IterableOnceOps.foreach(IterableOnce.scala:576)
	at scala.collection.IterableOnceOps.foreach$(IterableOnce.scala:574)
	at scala.collection.AbstractIterator.foreach(Iterator.scala:1300)
	at kafka.raft.KafkaMetadataLog.cleanSnapshotsRetentionMs(KafkaMetadataLog.scala:413)
	at kafka.raft.KafkaMetadataLog.maybeClean(KafkaMetadataLog.scala:396)
	at org.apache.kafka.raft.KafkaRaftClient$RaftMetadataLogCleanerManager.maybeClean(KafkaRaftClient.java:2269)
	at org.apache.kafka.raft.KafkaRaftClient.poll(KafkaRaftClient.java:2304)
	at kafka.raft.KafkaRaftManager$RaftIoThread.doWork(RaftManager.scala:64)
	at org.apache.kafka.server.util.ShutdownableThread.run(ShutdownableThread.java:131)
[2024-07-10 01:02:35,271] ERROR Error while deleting segments for __cluster_metadata-0 in dir C:\tmp\kraft-combined-logs (org.apache.kafka.storage.internals.log.LogDirFailureChannel)
java.nio.file.FileSystemException: C:\tmp\kraft-combined-logs\__cluster_metadata-0\00000000000000000000.index -> C:\tmp\kraft-combined-logs\__cluster_metadata-0\00000000000000000000.index.deleted: The process cannot access the file because it is being used by another process
	at java.base/sun.nio.fs.WindowsException.translateToIOException(WindowsException.java:92)
	at java.base/sun.nio.fs.WindowsException.rethrowAsIOException(WindowsException.java:103)
	at java.base/sun.nio.fs.WindowsFileCopy.move(WindowsFileCopy.java:414)
	at java.base/sun.nio.fs.WindowsFileSystemProvider.move(WindowsFileSystemProvider.java:291)
	at java.base/java.nio.file.Files.move(Files.java:1430)
	at org.apache.kafka.common.utils.Utils.atomicMoveWithFallback(Utils.java:984)
	at org.apache.kafka.storage.internals.log.AbstractIndex.renameTo(AbstractIndex.java:228)
	at org.apache.kafka.storage.internals.log.LazyIndex$IndexValue.renameTo(LazyIndex.java:122)
	at org.apache.kafka.storage.internals.log.LazyIndex.renameTo(LazyIndex.java:202)
	at org.apache.kafka.storage.internals.log.LogSegment.changeFileSuffixes(LogSegment.java:665)
	at kafka.log.LocalLog$.$anonfun$deleteSegmentFiles$1(LocalLog.scala:912)
	at kafka.log.LocalLog$.$anonfun$deleteSegmentFiles$1$adapted(LocalLog.scala:910)
	at scala.collection.immutable.List.foreach(List.scala:333)
	at kafka.log.LocalLog$.deleteSegmentFiles(LocalLog.scala:910)
	at kafka.log.LocalLog.removeAndDeleteSegments(LocalLog.scala:289)
	at kafka.log.UnifiedLog.$anonfun$deleteSegments$2(UnifiedLog.scala:1515)
	at kafka.log.UnifiedLog.deleteSegments(UnifiedLog.scala:1911)
	at kafka.log.UnifiedLog.deleteLogStartOffsetBreachedSegments(UnifiedLog.scala:1431)
	at kafka.log.UnifiedLog.deleteOldSegments(UnifiedLog.scala:1531)
	at kafka.raft.KafkaMetadataLog.deleteBeforeSnapshot(KafkaMetadataLog.scala:351)
	at kafka.raft.KafkaMetadataLog.$anonfun$cleanSnapshots$1(KafkaMetadataLog.scala:415)
	at scala.collection.IterableOnceOps.foreach(IterableOnce.scala:576)
	at scala.collection.IterableOnceOps.foreach$(IterableOnce.scala:574)
	at scala.collection.AbstractIterator.foreach(Iterator.scala:1300)
	at kafka.raft.KafkaMetadataLog.cleanSnapshotsRetentionMs(KafkaMetadataLog.scala:413)
	at kafka.raft.KafkaMetadataLog.maybeClean(KafkaMetadataLog.scala:396)
	at org.apache.kafka.raft.KafkaRaftClient$RaftMetadataLogCleanerManager.maybeClean(KafkaRaftClient.java:2269)
	at org.apache.kafka.raft.KafkaRaftClient.poll(KafkaRaftClient.java:2304)
	at kafka.raft.KafkaRaftManager$RaftIoThread.doWork(RaftManager.scala:64)
	at org.apache.kafka.server.util.ShutdownableThread.run(ShutdownableThread.java:131)
	Suppressed: java.nio.file.FileSystemException: C:\tmp\kraft-combined-logs\__cluster_metadata-0\00000000000000000000.index -> C:\tmp\kraft-combined-logs\__cluster_metadata-0\00000000000000000000.index.deleted: The process cannot access the file because it is being used by another process
		at java.base/sun.nio.fs.WindowsException.translateToIOException(WindowsException.java:92)
		at java.base/sun.nio.fs.WindowsException.rethrowAsIOException(WindowsException.java:103)
		at java.base/sun.nio.fs.WindowsFileCopy.move(WindowsFileCopy.java:328)
		at java.base/sun.nio.fs.WindowsFileSystemProvider.move(WindowsFileSystemProvider.java:291)
		at java.base/java.nio.file.Files.move(Files.java:1430)
		at org.apache.kafka.common.utils.Utils.atomicMoveWithFallback(Utils.java:980)
		... 24 more
[2024-07-10 01:02:35,272] ERROR [RaftManager id=1] Had an error during log cleaning (org.apache.kafka.raft.KafkaRaftClient)
org.apache.kafka.common.errors.KafkaStorageException: Error while deleting segments for __cluster_metadata-0 in dir C:\tmp\kraft-combined-logs
Caused by: java.nio.file.FileSystemException: C:\tmp\kraft-combined-logs\__cluster_metadata-0\00000000000000000000.index -> C:\tmp\kraft-combined-logs\__cluster_metadata-0\00000000000000000000.index.deleted: The process cannot access the file because it is being used by another process
	at java.base/sun.nio.fs.WindowsException.translateToIOException(WindowsException.java:92)
	at java.base/sun.nio.fs.WindowsException.rethrowAsIOException(WindowsException.java:103)
	at java.base/sun.nio.fs.WindowsFileCopy.move(WindowsFileCopy.java:414)
	at java.base/sun.nio.fs.WindowsFileSystemProvider.move(WindowsFileSystemProvider.java:291)
	at java.base/java.nio.file.Files.move(Files.java:1430)
	at org.apache.kafka.common.utils.Utils.atomicMoveWithFallback(Utils.java:984)
	at org.apache.kafka.storage.internals.log.AbstractIndex.renameTo(AbstractIndex.java:228)
	at org.apache.kafka.storage.internals.log.LazyIndex$IndexValue.renameTo(LazyIndex.java:122)
	at org.apache.kafka.storage.internals.log.LazyIndex.renameTo(LazyIndex.java:202)
	at org.apache.kafka.storage.internals.log.LogSegment.changeFileSuffixes(LogSegment.java:665)
	at kafka.log.LocalLog$.$anonfun$deleteSegmentFiles$1(LocalLog.scala:912)
	at kafka.log.LocalLog$.$anonfun$deleteSegmentFiles$1$adapted(LocalLog.scala:910)
	at scala.collection.immutable.List.foreach(List.scala:333)
	at kafka.log.LocalLog$.deleteSegmentFiles(LocalLog.scala:910)
	at kafka.log.LocalLog.removeAndDeleteSegments(LocalLog.scala:289)
	at kafka.log.UnifiedLog.$anonfun$deleteSegments$2(UnifiedLog.scala:1515)
	at kafka.log.UnifiedLog.deleteSegments(UnifiedLog.scala:1911)
	at kafka.log.UnifiedLog.deleteLogStartOffsetBreachedSegments(UnifiedLog.scala:1431)
	at kafka.log.UnifiedLog.deleteOldSegments(UnifiedLog.scala:1531)
	at kafka.raft.KafkaMetadataLog.deleteBeforeSnapshot(KafkaMetadataLog.scala:351)
	at kafka.raft.KafkaMetadataLog.$anonfun$cleanSnapshots$1(KafkaMetadataLog.scala:415)
	at scala.collection.IterableOnceOps.foreach(IterableOnce.scala:576)
	at scala.collection.IterableOnceOps.foreach$(IterableOnce.scala:574)
	at scala.collection.AbstractIterator.foreach(Iterator.scala:1300)
	at kafka.raft.KafkaMetadataLog.cleanSnapshotsRetentionMs(KafkaMetadataLog.scala:413)
	at kafka.raft.KafkaMetadataLog.maybeClean(KafkaMetadataLog.scala:396)
	at org.apache.kafka.raft.KafkaRaftClient$RaftMetadataLogCleanerManager.maybeClean(KafkaRaftClient.java:2269)
	at org.apache.kafka.raft.KafkaRaftClient.poll(KafkaRaftClient.java:2304)
	at kafka.raft.KafkaRaftManager$RaftIoThread.doWork(RaftManager.scala:64)
	at org.apache.kafka.server.util.ShutdownableThread.run(ShutdownableThread.java:131)
	Suppressed: java.nio.file.FileSystemException: C:\tmp\kraft-combined-logs\__cluster_metadata-0\00000000000000000000.index -> C:\tmp\kraft-combined-logs\__cluster_metadata-0\00000000000000000000.index.deleted: The process cannot access the file because it is being used by another process
		at java.base/sun.nio.fs.WindowsException.translateToIOException(WindowsException.java:92)
		at java.base/sun.nio.fs.WindowsException.rethrowAsIOException(WindowsException.java:103)
		at java.base/sun.nio.fs.WindowsFileCopy.move(WindowsFileCopy.java:328)
		at java.base/sun.nio.fs.WindowsFileSystemProvider.move(WindowsFileSystemProvider.java:291)
		at java.base/java.nio.file.Files.move(Files.java:1430)
		at org.apache.kafka.common.utils.Utils.atomicMoveWithFallback(Utils.java:980)
		... 24 more
[2024-07-10 01:02:35,283] ERROR Encountered fatal fault: Unexpected error in raft IO thread (org.apache.kafka.server.fault.ProcessTerminatingFaultHandler)
org.apache.kafka.common.errors.KafkaStorageException: The log dir C:\tmp\kraft-combined-logs is already offline due to a previous IO exception.
